nickname,characterName,position,attribute1,attribute2,attribute3,hand,hand(rarityName),head,head(rarityName),chest,chest(rarityName),waist,waist(rarityName),leg,leg(rarityName),foot,foot(rarityName),accessories1,accessories1(rarityName),accessories2,accessories2(rarityName),recovery,recovery(rarityName),accelerator,accelerator(rarityName),attack,attack(rarityName),defense,defense(rarityName),special,special(rarityName),neck,neck(rarityName),accessories3,accessories3(rarityName),accessories4,accessories4(rarityName),random,level,killCount,deathCount,assistCount,attackPoint,damagePoint,battlePoint,sightPoint,getCoin,spendConsumablesCoin,sentinelKillCount,demolisherKillCount,playTime,minLifeTime,maxLifeTime,responseTime,team,matchId,map
번개아저씨,휴톤,탱커,전투 태세,재생의 숨결,최후의 저항,E 블래스터 비트 ,유니크,S 해일매리 패스,유니크,S 터스킨 ,유니크,S 데모닉 펀쳐,유니크,E 스톤 크래셔,유니크,S 아이언 룰러,유니크,지옥구멍 레그람,레어,바야바 아몬,레어,본 스파클링 ,레어,런업 스프린터,레어,아이리쉬 이펙트 ,레어,아이리쉬 타즈 ,레어,드래곤 플라이R,커먼,S 브레이킹 스매쉬,유니크,서든어퍼 레그람,레어,누크 퓨리피스트,유니크,False,41,5,8,5,26622,64656,212,306,15100,6100,15,6,1346,23,326,295,0,6a772def07104993711082b7495a29939c6a4798033969f659f423d4bcfeaf06,그랑플람 아시아 지부
진집사,엘프리데,원거리딜러,완벽주의자,사냥꾼의 본능,전장의 열기,E 결정적 순간,유니크,S 감춰진 시선,유니크,S 오버 필링,유니크,E 레스트레인트,유니크,S 완벽한 자유,유니크,S 온화한 발걸음,유니크,팰리스 메모,레어,저스티스 페인트북,레어,체스터 더블버거,레어,페이트 스프린터 ,레어,이펙트 이펙션,레어,솔리드 스위퍼,레어,타나토스 맥시머,레어,E 잔혹한 처벌,유니크,데블스 페인트북,레어,정해진 운명,유니크,False,67,6,3,9,53877,15239,114,140,21200,2600,29,33,1346,153,680,130,0,6a772def07104993711082b7495a29939c6a4798033969f659f423d4bcfeaf06,그랑플람 아시아 지부
미안해내가좀잘해,하랑,원거리딜러,충동 구매,할인 판매,준비된 한 발,E 호기만장,유니크,E 마파람,유니크,E 칠전팔기,유니크,E 가온누리,유니크,E 높새구름,유니크,E 천우신조,유니크,벽조목-자령,레어,제압 명주고리,레어,체스터 더블버거,레어,런업 스프린터,레어,이펙트 이펙션,레어,영력 타즈 ,레어,괴력난신 맥시머,레어,E 사나운 패기,유니크,술령 명주고리,레어,호아호신부,유니크,False,66,3,6,7,37852,27323,130,141,20380,2940,24,37,1346,72,363,222,0,6a772def07104993711082b7495a29939c6a4798033969f659f423d4bcfeaf06,그랑플람 아시아 지부
dpswhdl,루이스,근거리딜러,급소 가격,사냥꾼의 본능,거인 사냥꾼,E 아이스 에이지,유니크,S 윈터 크루제이드,유니크,S 프로즌 시티,유니크,E 아이스 토퀴즈 ,유니크,E 절대영도,유니크,S 크리스탈 크랙 ,유니크,빙산 프로프링,레어,리볼버 유노,레어,체스터 버거,언커먼,아이스 스프린터 ,레어,아이스 파이크 ,레어,아이스 타즈 ,레어,영구동토 맥시머,레어,E 프로즌 하트,유니크,드라이 파이몬,레어,프로즌 브레이크,유니크,False,60,7,5,2,27995,18582,53,83,20860,4700,23,32,1346,38,500,194,0,6a772def07104993711082b7495a29939c6a4798033969f659f423d4bcfeaf06,그랑플람 아시아 지부
번개아저씨,휴톤,탱커,전투 태세,재생의 숨결,최후의 저항,E 블래스터 비트 ,유니크,S 해일매리 패스,유니크,S 터스킨 ,유니크,S 데모닉 펀쳐,유니크,E 스톤 크래셔,유니크,S 아이언 룰러,유니크,지옥구멍 레그람,레어,바야바 아몬,레어,본 스파클링 ,레어,런업 스프린터,레어,아이리쉬 이펙트 ,레어,아이리쉬 타즈 ,레어,드래곤 플라이R,커먼,S 브레이킹 스매쉬,유니크,서든어퍼 레그람,레어,누크 퓨리피스트,유니크,False,47,3,7,12,28564,58210,278,413,15440,4800,16,5,1347,34,247,249,0,45b361015d618d6378d19948eb1062d0b8cdb6bd24be42b31f33ba13e7b6e86f,메트로폴리스
일곱개의별,자네트,근거리딜러,최후의 일격,전세역전,거인 사냥꾼,E 골든 글로리아,유니크,E 가디언 스피릿,유니크,E 키스 오브 로즈,유니크,E 아도니스 스팅,유니크,E 셀프 레버런스,유니크,E 슈루드 무브먼트,유니크,플로라 프론,레어,자발레타 프론,레어,로즈 스파클링,레어,리세스 스프린터,레어,로즈 이펙트,레어,솔리드 스위퍼,레어,자발레타 임팩트,언커먼,E 로프티 플라워리,유니크,프레스토 프론,레어,윈드 오브 로즈,유니크,False,52,8,10,12,35268,49340,148,256,18300,4700,15,21,1347,28,198,315,0,45b361015d618d6378d19948eb1062d0b8cdb6bd24be42b31f33ba13e7b6e86f,메트로폴리스
점보아몬드,호타루,탱커,최후의 저항,재생의 숨결,불굴의 의지,FA카마이타치,레어,흑룡의 눈,레어,E 아카 토리노,유니크,E 팔문괘장,유니크,E 바케모노 가타리,유니크,E 은월기담,유니크,쐐기 케레스,레어,타키 레이어드,레어,폭연 스파클링,레어,폭연 스프린터,레어,폭연 파이크,레어,솔리드 스위퍼,레어,비연폭 임팩트,언커먼,E 시노비모지,유니크,SB비연폭 데브,레어,환영분신 레그람,레어,False,48,4,4,18,35733,50575,387,488,17920,5800,20,13,1347,50,858,184,0,45b361015d618d6378d19948eb1062d0b8cdb6bd24be42b31f33ba13e7b6e86f,메트로폴리스
두루미,클레어,원거리딜러,준비된 한 발,충동 구매,완전한 성장,E 천사의 한숨,유니크,E 아이비리그,유니크,E 리스키 스펙트럼 ,유니크,E 써쿨러 아미스트 ,유니크,E 승리의 기원,유니크,S 환호의 출발 ,유니크,블링걸-블링크,레어,분광의 살로스,레어,키스 스파클링 ,레어,빛의 스프린터 ,레어,빛의 이펙트 ,레어,솔리드 스위퍼,레어,클렌징빔 임팩트,언커먼,S 슈팅 스타,유니크,클렌징빔 살로스,레어,레이저 피에스타,유니크,False,66,17,5,6,74773,37883,232,223,25320,6700,42,43,1347,54,424,242,0,45b361015d618d6378d19948eb1062d0b8cdb6bd24be42b31f33ba13e7b6e86f,메트로폴리스
점보땅콩,루시,원거리딜러,준비된 한 발,전장의 학살자,완전한 성장,E 섬섬옥수,유니크,E 오발선빈,유니크,E 지체투향,유니크,E 세류요,유니크,S 작장중무,유니크,E 연보소말,유니크,SB낙화 루인,레어,반월 청옥석,레어,체스터 더블버거,레어,리세스 스프린터,레어,이펙트 이펙션,레어,솔리드 스위퍼,레어,반월 임팩트,언커먼,S 적월선,유니크,화무 청옥석,레어,절세가인,유니크,False,55,12,8,16,78464,37515,190,261,19660,5300,14,8,1347,37,531,243,0,45b361015d618d6378d19948eb1062d0b8cdb6bd24be42b31f33ba13e7b6e86f,메트로폴리스
뚜뚜카,웨슬리,원거리딜러,완벽주의자,회피 사격,전장의 열기,E 마인 익스프레스,유니크,E 퀘이크 프론,유니크,E 전장의 매,유니크,E 오퍼레이션 델타,유니크,E 데파르망 ,유니크,E 전쟁의 시작,유니크,류탄 US타이머,레어,구급 US타이머,레어,체스터 더블버거,레어,런업 스프린터,레어,이펙트 이펙션,레어,솔리드 스위퍼,레어,지원폭격 맥시머,레어,E 장군의 명예,유니크,지뢰 UMA프로,레어,최후의 폭격명령,유니크,False,57,8,7,16,66056,36853,286,326,20740,5400,25,21,1347,67,274,266,1,45b361015d618d6378d19948eb1062d0b8cdb6bd24be42b31f33ba13e7b6e86f,메트로폴리스
조로님,카를로스,근거리딜러,속전속결,사냥꾼의 본능,거인 사냥꾼,S 제피르 팰컨,유니크,S 할렘 비트,유니크,S 데스티니 차일드,유니크,S 라스트 카니발,유니크,S 카르데시즘,유니크,S 펑크 딜라이트,유니크,SB태클 루인,레어,라이징 발람,레어,윈드 스파클링,레어,스피드 브리즈,언커먼,이펙트 이펙션,레어,베링거 터틀본,언커먼,싸이클론 맥시머,레어,S 브리즈 페스티벌,유니크,제트킥 마엘스톰,레어,싸이클론 플랜트,유니크,False,56,9,12,5,37449,52033,188,245,18600,3100,17,13,1347,25,173,384,1,45b361015d618d6378d19948eb1062d0b8cdb6bd24be42b31f33ba13e7b6e86f,메트로폴리스
린저씨,까미유,서포터,코인 은행,할인 판매,협동 공격,E 마일드 위스퍼,유니크,S 시크릿 도트레,유니크,E 미라클 레지던트,유니크,RA럭셔리 마크,레어,언릴레이어블,레어,E 광명의 천사,유니크,충각 미스터리,레어,DB광충 루차,레어,식혜,레어,리세스 스프린터,레어,파워 에이스,레어,메디슨 타즈,레어,교향곡 맥시머,레어,E 마일드 프러시져,유니크,이면충 미스터리,레어,시크릿 가든,유니크,False,42,1,8,15,8518,39392,194,273,11800,980,9,7,1036,33,188,219,0,23f6050065e154b16c4abf02ec29ed5b380c42ead1b3e485150577e65869f9ba,브리스톨
추잡한철수,로라스,근거리딜러,최후의 일격,사냥꾼의 본능,거인 사냥꾼,E 에이션트 드래곤,유니크,E 투도르 드라군,유니크,E 아마듀라스,유니크,E 토너먼트 라비타 ,유니크,E 토너먼트 샬러릿,유니크,E 팔아므,유니크,SB심판 루인,레어,투창 슈타르크,레어,드래곤 스파클링 ,레어,런업 스프린터,레어,드래곤 파이크 ,레어,드래곤 타즈 ,레어,용성락 맥시머,레어,E 인테그리 드라군,유니크,나선창 아가레스,레어,골드니토 프레스,유니크,False,42,5,6,6,28635,24893,99,208,15180,3500,28,21,1036,52,408,183,0,23f6050065e154b16c4abf02ec29ed5b380c42ead1b3e485150577e65869f9ba,브리스톨
쏘지마라아군이다,트리비아,원거리딜러,완벽주의자,전장의 학살자,전장의 열기,E 미스틱 포그,유니크,E 블러드 카니발,유니크,E 트리니티 블러드,유니크,E 블랙버드 블러섬 ,유니크,S 그림자 자국,유니크,E 포르미체티,유니크,밤의여왕-변이,레어,부츠커터 보티스,레어,체스터 더블버거,레어,런업 스프린터,레어,배트 파이크,레어,배트 타즈 ,레어,박쥐폭풍 임팩트,언커먼,E 엘루어 배트,유니크,박쥐폭풍 보티스,레어,시엘 루드플리가,유니크,False,41,8,5,4,41058,21916,84,211,14680,3500,19,19,1036,56,570,109,0,23f6050065e154b16c4abf02ec29ed5b380c42ead1b3e485150577e65869f9ba,브리스톨
시비털면던진다,루시,원거리딜러,완벽주의자,회피 사격,준비된 한 발,E 섬섬옥수,유니크,E 오발선빈,유니크,E 지체투향,유니크,E 세류요,유니크,E 작장중무,유니크,E 연보소말,유니크,낙화 청옥석,레어,반월 청옥석,레어,체스터 더블버거,레어,댄싱 엑셀,레어,파이크 이펙션,레어,스테민 터틀,레어,비단향꽃무 맥시머,레어,E 적월선,유니크,화무 청옥석,레어,절세가인,유니크,False,38,3,10,8,25760,35418,125,194,12340,2300,10,18,1036,17,159,304,0,23f6050065e154b16c4abf02ec29ed5b380c42ead1b3e485150577e65869f9ba,브리스톨
너희한테실망했다,이글,근거리딜러,추격자의 발걸음,사냥꾼의 본능,거인 사냥꾼,E 브리닝 슈나이더,유니크,S 스크라이 쇼크 ,유니크,E 언밸런스 레퀴엠,유니크,E 화이트 샤르페,유니크,E 킬 블레이드 ,유니크,E 바이스 슈트름,유니크,장작 엘리고스,레어,SB뱀그림자 루차,레어,체스터 더블버거,레어,리세스 스프린터,레어,스네이크 파이크 ,레어,스네이크 타즈 ,레어,하드스킨 크래셔,레어,E 라이언트 소드,유니크,SB초승달 데브,레어,쉬베르트 바이스,유니크,False,41,1,7,4,20497,25945,72,119,12950,2500,20,22,888,9,186,184,0,0d125b35ac3be1302a8b5c24f9bc631880bafe573227e9caba5e8c0ca14c332c,메트로폴리스
번개아저씨,휴톤,탱커,전투 태세,재생의 숨결,최후의 저항,E 블래스터 비트 ,유니크,S 해일매리 패스,유니크,S 터스킨 ,유니크,S 데모닉 펀쳐,유니크,E 스톤 크래셔,유니크,S 아이언 룰러,유니크,지옥구멍 레그람,레어,바야바 아몬,레어,본 스파클링 ,레어,런업 스프린터,레어,아이리쉬 이펙트 ,레어,아이리쉬 타즈 ,레어,드래곤 플라이R,커먼,S 브레이킹 스매쉬,유니크,서든어퍼 레그람,레어,누크 퓨리피스트,유니크,False,31,2,6,3,16922,29411,188,255,9910,2900,11,4,888,10,291,127,0,0d125b35ac3be1302a8b5c24f9bc631880bafe573227e9caba5e8c0ca14c332c,메트로폴리스
참교육으로가는길,다이무스,탱커,최후의 저항,재생의 숨결,전선 유지,E 메이헨 슈나이더,유니크,S 베스페리아 ,유니크,S 우아한 궤적,유니크,E 골드 샤르페,유니크,EP이터널 소드,레어,E 슈발츠 슈트름,유니크,장작 라이픈 C,언커먼,질풍의 레그람,레어,액트 스파클링 ,레어,질풍의 스프린터 ,레어,질풍의 파이크 ,레어,하디스트 스위퍼,레어,절명도 맥시머,레어,S 냉정한 카리스마,유니크,보름달 레그람,레어,쉬베르트 루프리,유니크,False,28,4,8,6,25969,43154,234,304,10650,4000,1,4,888,19,194,193,0,0d125b35ac3be1302a8b5c24f9bc631880bafe573227e9caba5e8c0ca14c332c,메트로폴리스
도그놈,루시,원거리딜러,완벽주의자,사냥꾼의 본능,전장의 열기,E 섬섬옥수,유니크,E 오발선빈,유니크,E 지체투향,유니크,S 세류요,유니크,E 작장중무,유니크,E 연보소말,유니크,낙화 청옥석,레어,반월 청옥석,레어,체스터 더블버거,레어,송편,레어,파이크 이펙션,레어,스테민 터틀,레어,반월 임팩트,언커먼,E 적월선,유니크,화무십일홍 결의,레어,절세가인,유니크,False,38,5,6,4,20558,25795,114,196,12150,1700,15,11,888,13,203,171,0,0d125b35ac3be1302a8b5c24f9bc631880bafe573227e9caba5e8c0ca14c332c,메트로폴리스
계영,파수꾼 A,원거리딜러,충동 구매,할인 판매,완벽주의자,E 어센던트,유니크,S 피어싱 아이즈,유니크,S 무형의 감옥,유니크,E 짜여진 각본,유니크,S 하빈저,유니크,E 에고이스트,유니크,클로 에델슈타인,레어,크로우 편지함,레어,체스터 더블버거,레어,레이븐 스프린터 ,레어,파이크 이펙션,레어,레이븐 타즈,레어,워든 맥시머,레어,E 잔혹한 모략가,유니크,SB시프트 데브,레어,그라시아 에피칵스,유니크,False,49,5,6,7,30497,23902,193,198,14290,1590,18,25,888,16,170,192,0,0d125b35ac3be1302a8b5c24f9bc631880bafe573227e9caba5e8c0ca14c332c,메트로폴리스
홍빌영,티모시,탱커,불굴의 의지,재생의 숨결,최후의 저항,E 덱스트러스,유니크,S 이너 스트랭스,유니크,E 레클러메이션,유니크,E 뉴 비기닝,유니크,S 오소틱,유니크,S 내딛은 걸음,유니크,번 버스터 레그람,레어,잿불 레그람,레어,애쉬 스파클링 ,레어,송편,레어,애쉬 파이크 ,레어,솔리드 스위퍼,레어,PS 레이더 R4,언커먼,S 달콤한 죄책감,유니크,화염포 펜슬,레어,라스트 릭,유니크,False,39,2,3,19,12658,28224,265,345,12290,2700,1,4,888,110,270,75,1,0d125b35ac3be1302a8b5c24f9bc631880bafe573227e9caba5e8c0ca14c332c,메트로폴리스
추잡한철수,테이,근거리딜러,최후의 일격,전세역전,거인 사냥꾼,S 호사수구,유니크,E 용주,유니크,S 의금지영,유니크,E 백낙일고,유니크,S 공명수죽백,유니크,S 극세척도,유니크,암영 포켓스퀘어,레어,SB흑풍각 루차,레어,체스터 더블버거,레어,리세스 스프린터,레어,월흔 파이크,레어,스테민 닷지,레어,PS 레이더 R4,언커먼,E 붉은 반그림자,유니크,SB무영격 데브,레어,도주지부,유니크,False,57,19,3,5,60547,17547,154,212,19090,3700,42,8,888,57,479,67,1,0d125b35ac3be1302a8b5c24f9bc631880bafe573227e9caba5e8c0ca14c332c,메트로폴리스
고등학교일학년,루이스,근거리딜러,속전속결,사냥꾼의 본능,거인 사냥꾼,E 아이스 에이지,유니크,E 윈터 크루제이드,유니크,E 프로즌 시티,유니크,S 아이스 토퀴즈 ,유니크,E 절대영도,유니크,E 크리스탈 크랙 ,유니크,아이스링크-결정,레어,리볼버 파이몬,레어,첼시 더블 버거,레어,스프린터 프로빅,레어,아이스 이펙트 ,레어,아이스 타즈 ,레어,리볼버 임팩트,언커먼,E 프로즌 하트,유니크,드라이 파이몬,레어,프로즌 브레이크,유니크,False,49,8,4,10,35621,22811,116,180,15290,2700,20,13,888,18,360,152,1,0d125b35ac3be1302a8b5c24f9bc631880bafe573227e9caba5e8c0ca14c332c,메트로폴리스
캐럴라인15세,론,탱커,불굴의 의지,재생의 숨결,최후의 저항,E 자발적 복종,유니크,E 완벽한 계획,유니크,E 화이트 플래너,유니크,E 검은 의도,유니크,E 계획적 행동이론,유니크,E 모래위의 발자국,유니크,SB블래스팅 베티,레어,스팅어 데스링,레어,체스터 더블버거,레어,엑셀레이션,레어,샌드 파이크,레어,스테민 닷지,레어,T2 통신기,언커먼,E 맹렬한 모래바람,유니크,더스트 토루소,레어,설계된 죽음,유니크,False,48,1,2,17,16463,24629,207,267,14150,2200,18,11,888,82,586,39,1,0d125b35ac3be1302a8b5c24f9bc631880bafe573227e9caba5e8c0ca14c332c,메트로폴리스
쮺,엘리,원거리딜러,태세전환,사냥꾼의 본능,전장의 열기,E 행복한 상상,유니크,E 미유미유,유니크,E 러블리 드리머,유니크,S 심술맞은 고양이,유니크,E 땡글땡글,유니크,E 사박사박 발걸음,유니크,깜짝 쥬빌레,레어,팽이 쥬빌레,레어,체스터 더블버거,레어,런업 스프린터,레어,폭죽 파이크 ,레어,솔리드 스위퍼,레어,별똥별 맥시머,레어,S 콩닥콩닥 마음,유니크,반짝 쥬빌레,레어,신나는 폭죽상자,유니크,False,50,3,7,11,22918,21232,85,101,14770,1900,23,14,888,15,235,144,1,0d125b35ac3be1302a8b5c24f9bc631880bafe573227e9caba5e8c0ca14c332c,메트로폴리스
N0ZE,헬레나,원거리딜러,완벽주의자,사냥꾼의 본능,전장의 열기,애달픈 모성,레어,E 위어리 아이즈,유니크,E 치프 리서처,유니크,길티 필링스,레어,E 숨겨둔 그리움,유니크,E 이기적인 선택,유니크,활성화 폴리오,레어,시약 폴리오,레어,체스터 더블버거,레어,스프린터 프로빅,레어,넬스 크리민S,언커먼,스테민 닷지,레어,T2 통신기,언커먼,E 간절한 바람,유니크,포인트 차트,레어,파기된 기록,유니크,False,43,8,5,5,21493,21823,86,113,14200,3300,15,24,976,29,355,149,0,1f5f2712db13746b9616fd740e6f97003b86c5c0df0f155bd65f5d29db4ec353,브리스톨
섹시민이,트리비아,원거리딜러,완벽주의자,사냥꾼의 본능,전장의 열기,E 미스틱 포그,유니크,E 블러드 카니발,유니크,E 트리니티 블러드,유니크,E 블랙버드 블러섬 ,유니크,E 그림자 자국,유니크,E 포르미체티,유니크,킬힐 큐라이어,레어,부츠커터 보티스,레어,체스터 더블버거,레어,배트 스프린터 ,레어,파이크 이펙션,레어,스테민 터틀,레어,T1 통신기,언커먼,S 엘루어 배트,유니크,폭풍 샤피니스트,레어,시엘 루드플리가,유니크,False,48,6,6,8,23864,25176,72,119,14380,1600,19,14,976,9,183,218,0,1f5f2712db13746b9616fd740e6f97003b86c5c0df0f155bd65f5d29db4ec353,브리스톨
풍운,루시,원거리딜러,완벽주의자,사냥꾼의 본능,전장의 열기,E 섬섬옥수,유니크,S 오발선빈,유니크,E 지체투향,유니크,E 세류요,유니크,S 작장중무,유니크,E 연보소말,유니크,낙화 청옥석,레어,반월 청옥석,레어,체스터 더블버거,레어,리세스 스프린터,레어,댄싱 이펙트 ,레어,솔리드 스위퍼,레어,비단향꽃무 맥시머,레어,E 적월선,유니크,화무 청옥석,레어,절세가인,유니크,False,44,9,8,1,40491,18046,140,181,14350,3200,18,17,942,26,178,229,0,63c28a9aad9dfcfa3bff042cad4040a979089cf579bd04d5b0e89f6ae72b3f98,그랑플람 아시아 지부
번개아저씨,휴톤,탱커,전투 태세,재생의 숨결,최후의 저항,E 블래스터 비트 ,유니크,S 해일매리 패스,유니크,S 터스킨 ,유니크,S 데모닉 펀쳐,유니크,E 스톤 크래셔,유니크,S 아이언 룰러,유니크,지옥구멍 레그람,레어,바야바 아몬,레어,본 스파클링 ,레어,런업 스프린터,레어,아이리쉬 이펙트 ,레어,아이리쉬 타즈 ,레어,드래곤 플라이R,커먼,S 브레이킹 스매쉬,유니크,서든어퍼 레그람,레어,누크 퓨리피스트,유니크,False,35,2,7,7,19722,44055,213,307,10710,3200,7,7,942,66,216,162,0,63c28a9aad9dfcfa3bff042cad4040a979089cf579bd04d5b0e89f6ae72b3f98,그랑플람 아시아 지부
달콤한설레임,루이스,근거리딜러,속전속결,사냥꾼의 본능,거인 사냥꾼,E 아이스 에이지,유니크,E 윈터 크루제이드,유니크,E 프로즌 시티,유니크,E 아이스 토퀴즈 ,유니크,E 절대영도,유니크,E 크리스탈 크랙 ,유니크,아이스링크-결정,레어,리볼버 파이몬,레어,아이스 스파클링 ,레어,아이스 스프린터 ,레어,아이스 이펙트 ,레어,베링거 터틀본,언커먼,영구동토 맥시머,레어,E 프로즌 하트,유니크,드라이 파이몬,레어,프로즌 브레이크,유니크,False,43,2,8,8,22654,28495,136,233,12330,1600,5,20,942,49,213,217,0,63c28a9aad9dfcfa3bff042cad4040a979089cf579bd04d5b0e89f6ae72b3f98,그랑플람 아시아 지부
Solfa,엘리,원거리딜러,완벽주의자,회피 사격,전장의 열기,E 행복한 상상,유니크,S 미유미유,유니크,S 러블리 드리머,유니크,E 심술맞은 고양이,유니크,E 땡글땡글,유니크,E 사박사박 발걸음,유니크,깜짝 쥬빌레,레어,DB통통 베티,레어,체스터 더블버거,레어,페스티네이션,레어,파이크 이펙션,레어,솔리드 스위퍼,레어,별똥별 맥시머,레어,S 콩닥콩닥 마음,유니크,반짝 쥬빌레,레어,신나는 폭죽상자,유니크,False,32,0,13,8,35258,30463,160,174,10350,2100,10,9,942,11,114,294,0,63c28a9aad9dfcfa3bff042cad4040a979089cf579bd04d5b0e89f6ae72b3f98,그랑플람 아시아 지부
Regen,티엔,탱커,불굴의 의지,재생의 숨결,최후의 저항,E 흑룡 벽산장,유니크,E 황랑 토신,유니크,S 흑패왕 복호,유니크,E 금모 호파,유니크,E 백경파 정문,유니크,S 외파 흑단화,유니크,진각 레그람,레어,파죽 레그람,레어,첼시 콜라 V,레어,비룡 엑셀,레어,승천룡 파이크 ,레어,승천룡 타즈 ,레어,PS 레이더 R4,언커먼,E 황금룡 청환,유니크,발경 레그람,레어,무흔 강룡주,레어,False,25,0,11,4,9970,57126,266,387,8770,3300,13,6,942,23,98,190,0,63c28a9aad9dfcfa3bff042cad4040a979089cf579bd04d5b0e89f6ae72b3f98,그랑플람 아시아 지부
강해져서돌아오마,토마스,원거리딜러,완벽주의자,사냥꾼의 본능,전장의 열기,E 아이스 컴포지션,유니크,E 눈꽃의 지휘,유니크,E 윈터 히어로,유니크,SP얼음 조각사,레어,E 미스틱 아이스,유니크,S 블리자드 기어 ,유니크,빙산 포에부스,레어,서릿발 제파르,레어,첼시 콜라 V,레어,리세스 스프린터,레어,프로스트 파이크 ,레어,닷지 실피드,레어,하드스킨 크래셔,레어,S 프로스트 솔리드,유니크,냉각 제파르,레어,허리케인 스위퍼,유니크,False,48,4,3,17,21774,22601,157,236,14570,1800,15,11,942,39,430,117,1,63c28a9aad9dfcfa3bff042cad4040a979089cf579bd04d5b0e89f6ae72b3f98,그랑플람 아시아 지부
HWHHAKWH,에바,탱커,전투 태세,재생의 숨결,최후의 저항,S 트랜센던트 그립,유니크,S 모험의 전율,유니크,S 기간틱 타이푼,유니크,S 끊임없는 도전,유니크,S 그래플링 테크닉,유니크,S 나의 공격리듬은!,유니크,반잡 눈,레어,스파이어 레그람,레어,첼시 콜라 V,레어,파이터 엑셀,레어,파이크 이펙션,레어,솔리드 스위퍼,레어,PS 레이더 R1,커먼,E 무도가의 자세,유니크,슈타이너 레그람,레어,수플렉스 레그람,레어,False,33,2,4,19,14833,41451,307,426,11790,4400,8,2,942,80,308,87,1,63c28a9aad9dfcfa3bff042cad4040a979089cf579bd04d5b0e89f6ae72b3f98,그랑플람 아시아 지부
아냥아냥이,미아,원거리딜러,완벽주의자,전장의 학살자,완전한 성장,S 이볼브 가이아,유니크,E 디바인 그레이스,유니크,E 옐로우 루트웨이브,유니크,E 프릭클 에린,유니크,E 와일드 크로스,유니크,E 이네이쳐 게브,유니크,도장 바이리프,레어,가시 바이리프,레어,체스터 더블버거,레어,우드 엑셀,레어,우드 파이크 ,레어,솔리드 스위퍼,레어,세계수 맥시머,레어,S 레드 크로니클,유니크,뿌리 바이리프,레어,트리콜로 트와인,유니크,False,49,12,1,17,48364,19969,208,284,17510,4300,24,15,942,271,627,44,1,63c28a9aad9dfcfa3bff042cad4040a979089cf579bd04d5b0e89f6ae72b3f98,그랑플람 아시아 지부
현냥현냥이,제이,탱커,최후의 저항,전세역전,불굴의 의지,E 패스티스트 건,유니크,E 퍼니시먼트,유니크,E 헤븐즈 도어,유니크,E 트러블 메이커,유니크,E 데스페라도,유니크,S 퀵 앤 데드,유니크,스프리건 피스톨,레어,니들 터퀴즈,레어,퍼니시 스파클링,레어,따끈한 호박죽,레어,퍼니시 파이크,레어,황색 다식,레어,PS 레이더 R4,언커먼,E 멕시칸 불독,유니크,난사 레그람,레어,블러디아,유니크,False,50,13,2,18,32570,31605,223,301,15910,2800,31,8,942,73,544,58,1,63c28a9aad9dfcfa3bff042cad4040a979089cf579bd04d5b0e89f6ae72b3f98,그랑플람 아시아 지부
감기걸려디질듯,카로슈,근거리딜러,속전속결,사냥꾼의 본능,거인 사냥꾼,E 팬텀 페인,유니크,E 기울어진 세계,유니크,E 펄스 오브 라이프,유니크,E 움켜쥔 미래,유니크,E 잃어버린 꿈,유니크,E 서블리메이션,유니크,SB체인건 루인,레어,SB커터 루차,레어,첼시 더블 버거,레어,런업 스프린터,레어,이펙트 이펙션,레어,솔리드 스위퍼,레어,커터 임팩트,언커먼,E 죽음의 대가,유니크,트윈 배럴 건케이스,레어,어나더 던,유니크,False,65,15,3,12,60644,12469,141,204,21370,3200,30,36,942,76,359,149,1,63c28a9aad9dfcfa3bff042cad4040a979089cf579bd04d5b0e89f6ae72b3f98,그랑플람 아시아 지부
테그하,도일,근거리딜러,속전속결,사냥꾼의 본능,거인 사냥꾼,E 크래쉬 다운,유니크,E 하드워크 버밍험,유니크,E 디스트로이어,유니크,S 타로우 ,유니크,E 진보적 파괴,유니크,E 하드 불도저 ,유니크,실버볼트-근육,레어,회전의 이포스,레어,파워 스파클링 ,레어,해머 페스티나,레어,해머 이펙트 ,레어,해머 타즈 ,레어,S펀치 맥시머,레어,E 디스트로이 심볼,유니크,캐논어퍼 이포스,레어,S펀치 이포스,레어,False,31,1,10,3,8782,19441,78,142,9750,1800,13,11,822,28,157,224,0,9623c8bcaf673ea822d80d49fa6bb09eb27e2cadd269df2bf0f99c88861033db,리버포드
쌈니,캐럴,원거리딜러,완벽주의자,사냥꾼의 본능,전장의 열기,S 프로즌 메모리,유니크,E 그 날의 기억,유니크,E 스노우 프린세스,유니크,E 지워진 약속,유니크,E 소녀의 다짐,유니크,E 첫눈의 발자국,유니크,고드름 큐트링,레어,빙판길 큐트링,레어,체스터 더블버거,레어,런업 스프린터,레어,이펙트 이펙션,레어,솔리드 스위퍼,레어,PS 레이더 R4,언커먼,S 해피 스노우맨,유니크,눈사람 토끼고리,레어,크리스마스 선물,유니크,False,29,0,9,3,11324,42212,121,162,9230,1400,8,9,822,12,166,213,0,9623c8bcaf673ea822d80d49fa6bb09eb27e2cadd269df2bf0f99c88861033db,리버포드
붱철,이사벨,원거리딜러,전장의 학살자,할인 판매,완전한 성장,E 미스트랄 헤세드,유니크,E 티타니아 케테르,유니크,비욘드 블라우스,레어,E 다프네 호드,유니크,비욘드 스커트,레어,비욘드 에나멜,레어,비올라 바그,레어,바흐브 피스,레어,시원한 수정과,레어,고소한 타락죽,레어,이펙트 이펙션,레어,황색 다식,레어,T2 통신기,언커먼,E 스프라이트 비나,유니크,엘븐 플레쉬,레어,미라쥬 테일,유니크,False,28,0,4,0,8927,11461,32,83,8890,1080,14,11,822,38,324,72,0,9623c8bcaf673ea822d80d49fa6bb09eb27e2cadd269df2bf0f99c88861033db,리버포드
종순,다이무스,근거리딜러,속전속결,사냥꾼의 본능,거인 사냥꾼,E 메이헨 슈나이더,유니크,E 베스페리아 ,유니크,E 우아한 궤적,유니크,S 골드 샤르페,유니크,E 펄션 필러 ,유니크,E 슈발츠 슈트름,유니크,장작 베리드,레어,질풍의 레그람,레어,체스터 더블버거,레어,질풍의 스프린터 ,레어,질풍의 이펙트 ,레어,질풍의 타즈 ,레어,보름달 임팩트,언커먼,E 솔리튜드 칼리버,유니크,보름달 베리드,레어,쉬베르트 루프리,유니크,False,37,0,7,3,8827,23614,113,144,10070,1000,8,21,822,37,266,161,0,9623c8bcaf673ea822d80d49fa6bb09eb27e2cadd269df2bf0f99c88861033db,리버포드
l8ㅅ8l,드니스,원거리딜러,완벽주의자,사냥꾼의 본능,전장의 열기,E 루시 플라워링,유니크,E 앤시스 뷰티풀,유니크,E 화이트 블로섬,유니크,E 로즈 크로니클,유니크,E 화이트 플라워링,유니크,E 그린 몬스터,유니크,선셋 다이브린,레어,민들레 다이브린,레어,체스터 더블버거,레어,리세스 스프린터,레어,파이크 이펙션,레어,플라워 타즈 ,레어,민들레 임팩트,언커먼,12.25의 축복,레어,스프링 다이브린,레어,그레이스 시크릿,유니크,False,34,0,6,1,10035,29669,133,204,10150,2000,14,19,822,37,168,153,0,9623c8bcaf673ea822d80d49fa6bb09eb27e2cadd269df2bf0f99c88861033db,리버포드
번개아저씨,휴톤,탱커,전투 태세,재생의 숨결,최후의 저항,E 블래스터 비트 ,유니크,S 해일매리 패스,유니크,S 터스킨 ,유니크,S 데모닉 펀쳐,유니크,E 스톤 크래셔,유니크,S 아이언 룰러,유니크,지옥구멍 레그람,레어,바야바 아몬,레어,본 스파클링 ,레어,런업 스프린터,레어,아이리쉬 이펙트 ,레어,아이리쉬 타즈 ,레어,드래곤 플라이R,커먼,S 브레이킹 스매쉬,유니크,서든어퍼 레그람,레어,누크 퓨리피스트,유니크,False,39,8,0,8,28282,16599,156,238,13000,3300,6,3,822,822,822,0,1,9623c8bcaf673ea822d80d49fa6bb09eb27e2cadd269df2bf0f99c88861033db,리버포드
ARTISM,엘리,원거리딜러,완벽주의자,사냥꾼의 본능,전장의 열기,E 행복한 상상,유니크,E 미유미유,유니크,E 러블리 드리머,유니크,E 심술맞은 고양이,유니크,E 땡글땡글,유니크,S 사박사박 발걸음,유니크,깜짝 놀이,레어,팽이 장난감,레어,체스터 더블버거,레어,폭죽 스프린터,레어,폭죽 파이크 ,레어,폭죽 타즈 ,레어,T1 통신기,언커먼,E 콩닥콩닥 마음,유니크,반짝 놀이,레어,신나는 폭죽상자,유니크,False,50,4,1,8,18302,5572,30,57,19300,6000,30,39,822,167,635,20,1,9623c8bcaf673ea822d80d49fa6bb09eb27e2cadd269df2bf0f99c88861033db,리버포드
DL준,엘프리데,원거리딜러,완벽주의자,회피 사격,전장의 열기,E 결정적 순간,유니크,E 감춰진 시선,유니크,S 오버 필링,유니크,E 레스트레인트,유니크,S 완벽한 자유,유니크,S 온화한 발걸음,유니크,팰리스 메모,레어,저스티스 아이프 E,언커먼,체스터 더블버거,레어,엑셀레이션,레어,가락엿,레어,솔리드 스위퍼,레어,타나토스 맥시머,레어,E 잔혹한 처벌,유니크,SB데블스 데브,레어,정해진 운명,유니크,False,56,12,0,6,36215,5101,50,88,18200,1800,24,31,822,822,822,0,1,9623c8bcaf673ea822d80d49fa6bb09eb27e2cadd269df2bf0f99c88861033db,리버포드
유연단화,론,탱커,최후의 저항,단단한 피부,선봉장,FA가시 돋친 말,레어,싱 터번,레어,S 화이트 플래너,유니크,RA스터드 벨트,레어,S 계획적 행동이론,유니크,S 모래위의 발자국,유니크,와일드 레그람,레어,스팅어 레그람,레어,첼시 콜라 V,레어,런업 스프린터,레어,샌드 파이크,레어,샌드 플래쉬,레어,인사이트 엔진T7 ,언커먼,S 고요한 모래바람,유니크,더스트 레그람,레어,설계된 죽음,유니크,False,41,4,1,15,20333,16548,212,302,12580,2900,15,5,822,91,684,47,1,9623c8bcaf673ea822d80d49fa6bb09eb27e2cadd269df2bf0f99c88861033db,리버포드
체스터쉬림프버거,카를로스,근거리딜러,속전속결,사냥꾼의 본능,거인 사냥꾼,S 제피르 팰컨,유니크,E 할렘 비트,유니크,E 데스티니 차일드,유니크,E 라스트 카니발,유니크,E 카르데시즘,유니크,E 펑크 딜라이트,유니크,태클 발람,레어,라이징 발람,레어,체스터 더블버거,레어,엑셀레이션,레어,윈드 이펙트,레어,윈드 타즈,레어,싸이클론 맥시머,레어,S 브리즈 페스티벌,유니크,제트킥 발람,레어,싸이클론 플랜트,유니크,False,57,7,0,6,23265,4075,23,76,17220,2400,45,17,822,822,822,0,1,9623c8bcaf673ea822d80d49fa6bb09eb27e2cadd269df2bf0f99c88861033db,리버포드
번개아저씨,테이,탱커,전투 태세,재생의 숨결,최후의 저항,E 호사수구,유니크,S 용주,유니크,S 의금지영,유니크,E 백낙일고,유니크,E 공명수죽백,유니크,E 극세척도,유니크,암영 레그람,레어,흑영장막 월렛,레어,월흔 스파클링,레어,월흔 엑셀,레어,월흔 이펙트 ,레어,월흔 타즈,레어,T11-스파이더,언커먼,E 푸른 반그림자,유니크,무영격 레그람,레어,도주지부,유니크,False,41,1,5,10,15263,49235,205,320,13350,3600,19,6,1214,130,298,144,0,dcea1e11a1530405f7a0e2e7f392532d7f0b7cb02431377a5eea37114a1c86c1,스프링필드
탈옥한곰탱이,휴톤,근거리딜러,속전속결,사냥꾼의 본능,거인 사냥꾼,E 블래스터 비트 ,유니크,E 해일매리 패스,유니크,E 터스킨 ,유니크,S 데모닉 펀쳐,유니크,E 스톤 크래셔,유니크,E 아이언 룰러,유니크,지옥구멍 바쿠스,레어,바야바 바쿠스,레어,본 스파클링 ,레어,아이리쉬 스프린터 ,레어,넬스 크리민S,언커먼,아이리쉬 타즈 ,레어,핵펀치 맥시머,레어,E 브로큰 에너미,유니크,서든어퍼 아몬,레어,누크 퓨리피스트,유니크,False,36,7,10,6,30134,41588,147,251,14270,4700,17,6,1214,13,177,343,0,dcea1e11a1530405f7a0e2e7f392532d7f0b7cb02431377a5eea37114a1c86c1,스프링필드
시비털면던진다,루시,원거리딜러,완벽주의자,회피 사격,준비된 한 발,E 섬섬옥수,유니크,E 오발선빈,유니크,E 지체투향,유니크,E 세류요,유니크,E 작장중무,유니크,E 연보소말,유니크,낙화 청옥석,레어,반월 청옥석,레어,체스터 더블버거,레어,댄싱 엑셀,레어,파이크 이펙션,레어,스테민 터틀,레어,비단향꽃무 맥시머,레어,E 적월선,유니크,화무 청옥석,레어,절세가인,유니크,False,60,12,6,9,38523,32389,141,223,18610,3300,8,31,1214,77,254,232,0,dcea1e11a1530405f7a0e2e7f392532d7f0b7cb02431377a5eea37114a1c86c1,스프링필드
궁수,트리비아,원거리딜러,준비된 한 발,전세역전,완전한 성장,E 미스틱 포그,유니크,E 블러드 카니발,유니크,E 트리니티 블러드,유니크,E 블랙버드 블러섬 ,유니크,S 그림자 자국,유니크,E 포르미체티,유니크,밤의여왕-변이,레어,SB부츠커터 루차,레어,체스터 더블버거,레어,리세스 스프린터,레어,배트 파이크,레어,스테민 터틀,레어,박쥐폭풍 임팩트,언커먼,S 엘루어 배트,유니크,박쥐폭풍 보티스,레어,시엘 루드플리가,유니크,False,65,6,5,11,57029,27853,150,281,21670,3800,40,43,1214,38,399,174,0,dcea1e11a1530405f7a0e2e7f392532d7f0b7cb02431377a5eea37114a1c86c1,스프링필드
번개아저씨,휴톤,탱커,전투 태세,재생의 숨결,최후의 저항,E 블래스터 비트 ,유니크,S 해일매리 패스,유니크,S 터스킨 ,유니크,S 데모닉 펀쳐,유니크,E 스톤 크래셔,유니크,S 아이언 룰러,유니크,지옥구멍 레그람,레어,바야바 아몬,레어,본 스파클링 ,레어,런업 스프린터,레어,아이리쉬 이펙트 ,레어,아이리쉬 타즈 ,레어,드래곤 플라이R,커먼,S 브레이킹 스매쉬,유니크,서든어퍼 레그람,레어,누크 퓨리피스트,유니크,False,36,6,8,5,27800,46189,208,281,13250,5200,16,5,1186,49,162,255,0,22fec1265d10f83c9a145b3206e5877f1b50d1358dca762c631467e802ced926,리버포드
진정해야지요,아이작,탱커,최후의 저항,재생의 숨결,선봉장,E 리트릿 프리벤트,유니크,E 쇼업 데드맨,유니크,E 빅 블랙 머신,유니크,E 인휴먼 퍼슈어,유니크,E 킬링 머신,유니크,E 데드 컨트랩션,유니크,저지먼트 케르베,레어,레이지 레그람,레어,블랙 스파클링 ,레어,블랙 스프린터,레어,블랙 파이크 ,레어,블랙 타즈 ,레어,인사이트 엔진T7 ,언커먼,E 쇼 스탑퍼,유니크,데드맨 레그람,레어,데몰리쉬 에너미,유니크,False,33,2,8,10,13895,61960,259,453,12190,5000,7,9,1186,19,264,180,0,22fec1265d10f83c9a145b3206e5877f1b50d1358dca762c631467e802ced926,리버포드
ㅡMARVELㅡ,윌라드,서포터,활성화 지원,치유 증폭기,보호 방벽,S 일렉트론 토쳐 ,유니크,토르 리오크라운,레어,DB더스팅 헤르츠,레어,E 청천벽력,유니크,E 스틸레토라,유니크,E 라이트 블리츠,유니크,낙뢰 루드크리스,레어,구형 배틀액스,레어,첼시 더블 버거,레어,아드레날린,언커먼,라이트닝 이펙트 ,레어,스테민 닷지,레어,PS 레이더 R1,커먼,아르테오,레어,사슬 네메시스,레어,썬더 고르드마스,유니크,False,44,3,6,9,11969,39715,228,300,12490,1300,9,11,1186,4,349,197,0,22fec1265d10f83c9a145b3206e5877f1b50d1358dca762c631467e802ced926,리버포드
이쁘게말해야지요,캐럴,원거리딜러,준비된 한 발,전장의 학살자,전장의 열기,S 프로즌 메모리,유니크,E 그 날의 기억,유니크,E 스노우 프린세스,유니크,E 지워진 약속,유니크,E 소녀의 다짐,유니크,E 첫눈의 발자국,유니크,고드름 큐트링,레어,빙판길 큐트링,레어,체스터 더블버거,레어,런업 스프린터,레어,이펙트 이펙션,레어,솔리드 스위퍼,레어,고드름 임팩트,언커먼,S 해피 스노우맨,유니크,눈사람 토끼고리,레어,크리스마스 선물,유니크,False,52,3,4,8,30725,22102,168,209,16350,3100,19,30,1186,125,416,134,0,22fec1265d10f83c9a145b3206e5877f1b50d1358dca762c631467e802ced926,리버포드
ㆁxㆁ,아이작,탱커,최후의 저항,제압,전투 태세,E 리트릿 프리벤트,유니크,E 쇼업 데드맨,유니크,E 빅 블랙 머신,유니크,E 인휴먼 퍼슈어,유니크,E 킬링 머신,유니크,E 데드 컨트랩션,유니크,저지먼트 케르베,레어,레이지 케르베,레어,체스터 더블버거,레어,엑셀레이션,레어,블랙 파이크 ,레어,블랙 타즈 ,레어,PS 레이더 R1,커먼,E 쇼 스탑퍼,유니크,데드맨 케르베,레어,데몰리쉬 에너미,유니크,False,30,0,11,4,12717,64853,328,442,10610,3100,4,6,1236,52,190,278,0,b8fcb0a85c946d3842e8fe4e635c7ef0f639fea2a83667f2c7199745956741ad,리버포드
치즈색,샬럿,원거리딜러,완벽주의자,전세역전,준비된 한 발,E 물의 하모니 ,유니크,E 아망아망,유니크,EP레이니 로즈,레어,E 한여름 물장난,유니크,E 레인메이커,유니크,E 레인보우 스텝,유니크,폭포수 넵튠,레어,헤비레인 하겐티,레어,체스터 더블버거,레어,리세스 스프린터,레어,이펙트 이펙션,레어,스테민 닷지,레어,헤비레인 임팩트,언커먼,E 비의 노래,유니크,살수포 하겐티,레어,싱크 레인보우,유니크,False,50,4,7,5,42580,20621,250,222,15890,3000,12,14,1236,41,261,211,0,b8fcb0a85c946d3842e8fe4e635c7ef0f639fea2a83667f2c7199745956741ad,리버포드
이글이그리E글,티모시,탱커,불굴의 의지,재생의 숨결,최후의 저항,E 덱스트러스,유니크,S 이너 스트랭스,유니크,E 레클러메이션,유니크,E 뉴 비기닝,유니크,S 오소틱,유니크,S 내딛은 걸음,유니크,번 버스터 레그람,레어,잿불 레그람,레어,체스터 더블버거,레어,애쉬 스프린터 ,레어,애쉬 파이크 ,레어,애쉬 플래쉬 ,레어,슈퍼노바 맥시머,레어,S 달콤한 죄책감,유니크,화염포 레그람,레어,라스트 릭,유니크,False,42,0,4,6,13156,38417,308,438,11810,3100,17,2,1236,116,599,73,0,b8fcb0a85c946d3842e8fe4e635c7ef0f639fea2a83667f2c7199745956741ad,리버포드
누비고,다이무스,근거리딜러,급소 가격,전장의 학살자,거인 사냥꾼,S 메이헨 슈나이더,유니크,E 베스페리아 ,유니크,E 우아한 궤적,유니크,S 골드 샤르페,유니크,E 펄션 필러 ,유니크,RA터크 코브루,레어,장작 베리드,레어,질풍의 베리드,레어,체스터 더블버거,레어,리세스 스프린터,레어,가락엿,레어,솔리드 스위퍼,레어,절명도 맥시머,레어,E 솔리튜드 칼리버,유니크,보름달 베리드,레어,쉬베르트 루프리,유니크,False,55,7,9,2,32910,33160,104,180,16050,2000,32,24,1236,33,336,284,0,b8fcb0a85c946d3842e8fe4e635c7ef0f639fea2a83667f2c7199745956741ad,리버포드
훈대물,피터,원거리딜러,준비된 한 발,할인 판매,완전한 성장,E 장난스런 손짓,유니크,E 인빌트 아이어,유니크,E 아이의 품격,유니크,E 누나의 사랑,유니크,E 즐거운 장난,유니크,E 마지막 동심,유니크,스탬프 니바스,레어,SB클린업 루차,레어,체스터 더블버거,레어,리세스 스프린터,레어,이펙트 이펙션,레어,솔리드 스위퍼,레어,원더홀 맥시머,레어,E 신기한 블랙홀,유니크,스쿨 기프트,레어,코스믹 호러,유니크,False,52,6,7,6,56568,27098,180,270,18350,3900,26,33,1236,40,348,233,0,b8fcb0a85c946d3842e8fe4e635c7ef0f639fea2a83667f2c7199745956741ad,리버포드
풍운,리첼,탱커,선봉장,단단한 피부,최후의 저항,E 터쳐블 웨이브,유니크,E 러브 앤 헤이트,유니크,E 히든 하이라이트,유니크,DB뮤지션 렌,레어,S 다이나믹 딥퍼플,유니크,E 블랙캣 스텝,유니크,블래스트 레그람,레어,마이크온 레그람,레어,뮤지션 스파클링 ,레어,뮤지션 엑셀,레어,파워 에이스,레어,뮤지션 플래쉬 ,레어,T2 통신기,언커먼,뮤지션 헨스 L,언커먼,바이올렛 레그람,레어,밀키웨이 에코,레어,False,43,1,3,19,12902,52752,360,509,15290,5700,20,12,1236,50,777,88,1,b8fcb0a85c946d3842e8fe4e635c7ef0f639fea2a83667f2c7199745956741ad,리버포드
천의숨결,드렉슬러,원거리딜러,완벽주의자,사냥꾼의 본능,전장의 열기,E 마노 레파르토,유니크,E 린 아르메,유니크,E 드래곤 스카,유니크,E 플랑베르 라비타,유니크,E 캐러비니어 ,유니크,E 폴링 스타,유니크,SB심판 루인,레어,분열의 시트리,레어,체스터 버거,언커먼,런업 스프린터,레어,라이언 스피어,언커먼,베링거 닷지넬S,언커먼,분열창 임팩트,언커먼,E 프라디지 드라군,유니크,나선창 베스타,레어,유성 무차스랜서,유니크,False,59,12,3,14,65203,17732,169,252,22610,3900,37,30,1236,46,746,111,1,b8fcb0a85c946d3842e8fe4e635c7ef0f639fea2a83667f2c7199745956741ad,리버포드
번개아저씨,제레온,탱커,전투 태세,재생의 숨결,최후의 저항,E 그레이스 애퀼러,유니크,E 루미넌 애퀼러,유니크,S 로열 히페리온,유니크,E 템플러 소린,유니크,S 헤본 가디언,유니크,S 인그레이 가디언,유니크,가디언 레그람,레어,프렐류드 레그람,레어,로열 스파클링 ,레어,스프린터 프로빅,레어,로열 파이크,레어,로열 타즈 ,레어,드래곤 플라이R,커먼,S 바요넷 플로리쉬,유니크,템페스트 레그람,레어,임페리얼 나이트,유니크,False,52,7,1,15,30521,32534,371,505,16330,4400,21,4,1236,267,951,18,1,b8fcb0a85c946d3842e8fe4e635c7ef0f639fea2a83667f2c7199745956741ad,리버포드
뀪꺆꾞껶,까미유,서포터,활성화 지원,치유 증폭기,보호 방벽,E 마일드 위스퍼,유니크,E 시크릿 도트레,유니크,E 미라클 레지던트,유니크,E 가려진 진실,유니크,E 펑키 아그네스,유니크,E 광명의 천사,유니크,뒤틀린 리모네 T,언커먼,광충 미스터리,레어,체스터 더블버거,레어,스피드 파워업,언커먼,메디슨 이펙트,레어,스테민 터틀,레어,트론 통신기 A1 ,언커먼,메디슨 비숍 S,언커먼,이면충 미스터리,레어,시크릿 가든,유니크,False,60,7,7,34,33004,30903,203,287,17830,1900,9,19,1236,20,251,295,1,b8fcb0a85c946d3842e8fe4e635c7ef0f639fea2a83667f2c7199745956741ad,리버포드
이번시즌브론즈감,라이샌더,근거리딜러,급소 가격,사냥꾼의 본능,거인 사냥꾼,E 불안한 무언극,유니크,E 애처로운 인형,유니크,S 영원의 꼭두각시,유니크,E 일방적인 유희,유니크,E 광대 없는 축제,유니크,S 한밤의 탭댄스,유니크,저글링 폭죽피리,레어,트램폴 할리퀸,레어,체스터 더블버거,레어,크라운 엑셀,레어,파이크 이펙션,레어,솔리드 스위퍼,레어,퍼니 샷 맥시머,레어,E 다크 코미디,유니크,시클릿 할리퀸,레어,거울 속의 무대,유니크,False,57,11,3,9,42519,24010,177,257,20130,4300,28,27,1236,97,435,140,1,b8fcb0a85c946d3842e8fe4e635c7ef0f639fea2a83667f2c7199745956741ad,리버포드
번개아저씨,휴톤,탱커,전투 태세,재생의 숨결,최후의 저항,E 블래스터 비트 ,유니크,S 해일매리 패스,유니크,S 터스킨 ,유니크,S 데모닉 펀쳐,유니크,E 스톤 크래셔,유니크,S 아이언 룰러,유니크,지옥구멍 레그람,레어,바야바 아몬,레어,본 스파클링 ,레어,런업 스프린터,레어,아이리쉬 이펙트 ,레어,아이리쉬 타즈 ,레어,드래곤 플라이R,커먼,S 브레이킹 스매쉬,유니크,서든어퍼 레그람,레어,누크 퓨리피스트,유니크,False,37,8,1,9,23721,17371,123,200,12130,3100,13,3,733,166,551,16,0,8e13de5354c1e38d1263ab43de68b4799c88dd3ea6c7521e85e6c00fcd43f04f,메트로폴리스
모노비,레오노르,탱커,전선 유지,단단한 피부,선봉장,S 샤크리피시움,유니크,S 녹스 인페르나,유니크,E 스텔라 그라치아,유니크,E 오투스 라비타,유니크,E 팍스 가디언,유니크,E 벨룸 안겔루스,유니크,심판 레그람,레어,돌격창 레그람,레어,가디언 스파클링 ,레어,런업 스프린터,레어,가디언 파이크 ,레어,솔리드 스위퍼,레어,용격 맥시머,레어,S 드래곤 하트 루나,유니크,전술지휘 레그람,레어,아우덴티아,유니크,False,37,1,1,10,9858,17717,130,207,10950,1900,15,7,733,184,531,18,0,8e13de5354c1e38d1263ab43de68b4799c88dd3ea6c7521e85e6c00fcd43f04f,메트로폴리스
jongwon,로라스,근거리딜러,속전속결,사냥꾼의 본능,거인 사냥꾼,E 에이션트 드래곤,유니크,E 투도르 드라군,유니크,E 아마듀라스,유니크,E 토너먼트 라비타 ,유니크,S 토너먼트 샬러릿,유니크,E 팔아므,유니크,SB심판 루인,레어,SB투창 루차,레어,체스터 더블버거,레어,아드레날린,언커먼,이펙트 이펙션,레어,솔리드 스위퍼,레어,용성락 맥시머,레어,E 인테그리 드라군,유니크,SB나선창 데브,레어,골드니토 프레스,유니크,False,39,7,3,2,16463,14901,39,97,13050,2300,20,10,733,93,200,87,0,8e13de5354c1e38d1263ab43de68b4799c88dd3ea6c7521e85e6c00fcd43f04f,메트로폴리스
믿음에보답할게요,드니스,원거리딜러,할인 판매,충동 구매,준비된 한 발,E 루시 플라워링,유니크,S 앤시스 뷰티풀,유니크,E 화이트 블로섬,유니크,E 로즈 크로니클,유니크,E 화이트 플라워링,유니크,E 그린 몬스터,유니크,선셋 다이브린,레어,민들레 다이브린,레어,체스터 더블버거,레어,플라워 스프린터 ,레어,플라워 이펙트 ,레어,스테민 터틀,레어,PS 레이더 R1,커먼,E 팀버랜드 레드,유니크,스프링 다이브린,레어,엘윈 브라이스,레어,False,43,6,3,9,28855,8016,58,122,13430,2380,7,11,733,24,249,83,0,8e13de5354c1e38d1263ab43de68b4799c88dd3ea6c7521e85e6c00fcd43f04f,메트로폴리스
번개아저씨,카인,원거리딜러,완벽주의자,사냥꾼의 본능,전장의 열기,E 져지먼트 데이,유니크,E 건스미스 티어 ,유니크,E 디클레어 워,유니크,S 가비 프레스티지,유니크,E 발큐리아 ,유니크,E 건즈 앤 로즈,유니크,스미스 베리드,레어,폭발의 베리드,레어,체스터 더블버거,레어,스피드스타II,언커먼,저지먼트 이펙트 ,레어,바이벤 터틀본II,언커먼,저격 맥시머,레어,E 전장의 향기,유니크,우지 메타블릿츠,레어,발터펠트 아우프,유니크,False,51,5,7,11,29624,23711,117,207,16060,2600,25,17,1175,21,219,280,0,0d05efb3b1fabd923678e5b40f5cfeb93aae710ac9d3abe4b9e4d8e8de582909,스프링필드
써니찡,티모시,탱커,불굴의 의지,재생의 숨결,기민한 몸놀림,E 덱스트러스,유니크,E 이너 스트랭스,유니크,E 레클러메이션,유니크,E 뉴 비기닝,유니크,E 오소틱,유니크,E 내딛은 걸음,유니크,번 버스터 레그람,레어,잿불 레그람,레어,체스터 콜라,커먼,런업 스프린터,레어,애쉬 이펙트 ,레어,애쉬 타즈 ,레어,슈퍼노바 맥시머,레어,E 달콤한 죄책감,유니크,화염포 레그람,레어,라스트 릭,유니크,False,37,1,6,10,14029,41231,267,399,11600,3000,15,2,1175,105,221,199,0,0d05efb3b1fabd923678e5b40f5cfeb93aae710ac9d3abe4b9e4d8e8de582909,스프링필드
ㅣARENAㅣ,루드빅,근거리딜러,속전속결,사냥꾼의 본능,거인 사냥꾼,S 비틀린 생명,유니크,S 아이러니 글로우,유니크,E 포식자의 인내,유니크,E 왜곡된 태양,유니크,S 캄 프레데터,유니크,S 짓밟는 환희,유니크,블레이저 라펠핀,레어,빛표적 쿨캔디,레어,첼시 콜라 MAX,레어,브라이트 스프린터 ,레어,브라이트 파이크 ,레어,솔리드 스위퍼,레어,플래시 임팩트,언커먼,S 크루얼 선라이즈,유니크,플래시 라펠핀,레어,루인 스펙트럼,유니크,False,53,9,8,8,43898,28405,124,185,18880,4200,35,27,1175,27,189,320,0,0d05efb3b1fabd923678e5b40f5cfeb93aae710ac9d3abe4b9e4d8e8de582909,스프링필드
강남구5분칼배,휴톤,탱커,불굴의 의지,재생의 숨결,최후의 저항,E 블래스터 비트 ,유니크,E 해일매리 패스,유니크,S 터스킨 ,유니크,E 데모닉 펀쳐,유니크,E 스톤 크래셔,유니크,E 아이언 룰러,유니크,지옥구멍 레그람,레어,바야바 레그람,레어,본 스파클링 ,레어,런업 스프린터,레어,아이리쉬 이펙트 ,레어,아이리쉬 플래쉬 ,레어,인사이트 엔진T7 ,언커먼,플래티넘 체인,레어,서든어퍼 레그람,레어,누크 퓨리피스트,유니크,False,39,7,5,9,19292,45140,341,473,13120,3100,4,4,1175,109,264,150,0,0d05efb3b1fabd923678e5b40f5cfeb93aae710ac9d3abe4b9e4d8e8de582909,스프링필드
최신곡,윌라드,원거리딜러,전장의 열기,전장의 학살자,완전한 성장,E 일렉트론 토쳐 ,유니크,E 그랜드 듀크,유니크,E 블레스트 슈트,유니크,E 청천벽력,유니크,E 스틸레토라,유니크,S 라이트 블리츠,유니크,낙뢰 오리악스,레어,구형 오리악스,레어,더스팅 스파클링 ,레어,라이트닝 스프린터 ,레어,라이트닝 파이크 ,레어,라이트닝 플래쉬 ,레어,천둥벼락 맥시머,레어,E 블리츠 와일즈,유니크,뇌보법 써리노,레어,썬더 고르드마스,유니크,False,55,9,5,15,53846,21587,216,253,17620,3400,12,23,1175,66,306,153,0,0d05efb3b1fabd923678e5b40f5cfeb93aae710ac9d3abe4b9e4d8e8de582909,스프링필드
상아마왕,하랑,원거리딜러,완벽주의자,사냥꾼의 본능,전장의 열기,E 호기만장,유니크,E 마파람,유니크,E 칠전팔기,유니크,E 가온누리,유니크,E 높새구름,유니크,E 천우신조,유니크,벽조목-자령,레어,제압 손매듭,레어,체스터 더블버거,레어,영력 스프린터 ,레어,영력 이펙트 ,레어,베링거 닷지넬S,언커먼,PS 레이더 R1,커먼,E 사나운 패기,유니크,술령 명주고리,레어,호아호신부,유니크,False,59,6,7,8,27975,19702,175,229,18280,1900,28,25,1175,26,282,205,1,0d05efb3b1fabd923678e5b40f5cfeb93aae710ac9d3abe4b9e4d8e8de582909,스프링필드
입장사거리,드니스,원거리딜러,완벽주의자,사냥꾼의 본능,전장의 열기,E 루시 플라워링,유니크,S 앤시스 뷰티풀,유니크,E 화이트 블로섬,유니크,S 로즈 크로니클,유니크,S 화이트 플라워링,유니크,S 그린 몬스터,유니크,선셋 소이린,레어,민들레 파이린,레어,체스터 더블버거,레어,플라워 스프린터 ,레어,플라워 이펙트 ,레어,플라워 타즈 ,레어,봄의향연 임팩트,언커먼,E 팀버랜드 레드,유니크,스프링 소이린,레어,그레이스 시크릿,유니크,False,49,4,6,11,24158,28864,174,287,16980,3500,13,21,1175,67,279,204,1,0d05efb3b1fabd923678e5b40f5cfeb93aae710ac9d3abe4b9e4d8e8de582909,스프링필드
crisise,히카르도,근거리딜러,속전속결,회피 사격,거인 사냥꾼,E 복수의 인장,유니크,E 크래쉬 벤데타,유니크,S 절제된 분노,유니크,S 트리아토마,유니크,E 앤셔스 위시,유니크,S 크루얼 스탬프,유니크,힐킥 루셴드,레어,거미 알렉토,레어,체스터 더블버거,레어,인섹트 엑셀,레어,이펙트 이펙션,레어,스테민 터틀,레어,불멸자 맥시머,레어,S 벤젼스 임프린트,유니크,벌레 알렉토,레어,블러디 플레쥬,유니크,False,49,6,7,3,20767,39976,131,177,16760,4000,24,16,1175,65,212,213,1,0d05efb3b1fabd923678e5b40f5cfeb93aae710ac9d3abe4b9e4d8e8de582909,스프링필드
번개아저씨,휴톤,탱커,불굴의 의지,재생의 숨결,최후의 저항,E 블래스터 비트 ,유니크,S 해일매리 패스,유니크,S 터스킨 ,유니크,S 데모닉 펀쳐,유니크,E 스톤 크래셔,유니크,S 아이언 룰러,유니크,지옥구멍 레그람,레어,바야바 아몬,레어,본 스파클링 ,레어,런업 스프린터,레어,아이리쉬 이펙트 ,레어,아이리쉬 타즈 ,레어,드래곤 플라이R,커먼,S 브레이킹 스매쉬,유니크,서든어퍼 레그람,레어,누크 퓨리피스트,유니크,False,32,0,6,5,10932,41337,222,282,9730,2800,8,2,1068,64,349,178,0,f6d5b91c01cf0147f64098224c7798da5cc244456e2f3961717ac9e52334e0f5,리버포드
키벨레,파수꾼 A,원거리딜러,완벽주의자,사냥꾼의 본능,전장의 열기,S 어센던트,유니크,S 피어싱 아이즈,유니크,S 무형의 감옥,유니크,S 짜여진 각본,유니크,S 하빈저,유니크,E 에고이스트,유니크,클로 에델슈타인,레어,크로우 바이알,레어,첼시 콜라 MAX,레어,레이븐 스프린터 ,레어,레이븐 파이크,레어,솔리드 스위퍼,레어,워든 맥시머,레어,E 잔혹한 모략가,유니크,시프트 바이알,레어,그라시아 에피칵스,유니크,False,49,3,4,6,39772,18719,193,133,15070,1600,7,24,1068,95,550,171,0,f6d5b91c01cf0147f64098224c7798da5cc244456e2f3961717ac9e52334e0f5,리버포드
프게유,클레어,원거리딜러,완벽주의자,사냥꾼의 본능,전장의 열기,S 천사의 한숨,유니크,S 아이비리그,유니크,E 리스키 스펙트럼 ,유니크,E 써쿨러 아미스트 ,유니크,E 승리의 기원,유니크,S 환호의 출발 ,유니크,블링걸-블링크,레어,분광의 살로스,레어,첼시 더블 버거,레어,런업 스프린터,레어,파이크 이펙션,레어,솔리드 스위퍼,레어,클렌징빔 임팩트,언커먼,E 슈팅 스타,유니크,클렌징빔 살로스,레어,레이저 피에스타,유니크,False,48,4,4,2,19949,26689,101,151,14970,2300,17,30,1068,183,336,107,0,f6d5b91c01cf0147f64098224c7798da5cc244456e2f3961717ac9e52334e0f5,리버포드
아이리오네,아이작,탱커,최후의 저항,재생의 숨결,불굴의 의지,E 리트릿 프리벤트,유니크,E 쇼업 데드맨,유니크,E 빅 블랙 머신,유니크,E 인휴먼 퍼슈어,유니크,E 킬링 머신,유니크,S 데드 컨트랩션,유니크,저지먼트 레그람,레어,레이지 레그람,레어,블랙 스파클링 ,레어,스프린터 프로빅,레어,블랙 이펙트,레어,블랙 타즈 ,레어,인사이트 엔진T7 ,언커먼,E 쇼 스탑퍼,유니크,데드맨 레그람,레어,데몰리쉬 에너미,유니크,False,45,2,4,15,14783,41907,285,497,14780,4100,12,3,1281,13,377,169,0,34d4a3eeb008ed88a8bb5bc8f2c6aa29ad79681b5b6b75e2cdcf99006f21fba4,그랑플람 아시아 지부
forF,히카르도,근거리딜러,속전속결,사냥꾼의 본능,거인 사냥꾼,S 복수의 인장,유니크,E 크래쉬 벤데타,유니크,S 절제된 분노,유니크,럽쳐링 엠블렘,레어,S 앤셔스 위시,유니크,SP와일드 메탈,레어,힐킥 알렉토,레어,부당거래 러스트,레어,체스터 더블버거,레어,리세스 스프린터,레어,파이크 이펙션,레어,스테민 터틀,레어,벌레 임팩트,언커먼,S 벤젼스 임프린트,유니크,벌레 알렉토,레어,불멸자 알렉토,레어,False,63,10,5,11,48372,45056,194,303,21440,5000,45,23,1281,60,674,201,0,34d4a3eeb008ed88a8bb5bc8f2c6aa29ad79681b5b6b75e2cdcf99006f21fba4,그랑플람 아시아 지부
부개동슈퍼스타,캐럴,원거리딜러,완벽주의자,사냥꾼의 본능,전장의 열기,S 프로즌 메모리,유니크,E 그 날의 기억,유니크,E 스노우 프린세스,유니크,E 지워진 약속,유니크,S 소녀의 다짐,유니크,E 첫눈의 발자국,유니크,고드름 큐트링,레어,빙판길 큐트링,레어,스노우 스파클링 ,레어,스노우 스프린터 ,레어,이펙트 이펙션,레어,솔리드 스위퍼,레어,고드름 임팩트,언커먼,E 해피 스노우맨,유니크,눈사람 토끼고리,레어,크리스마스 선물,유니크,False,67,6,10,15,40953,35536,184,255,19420,1600,32,21,1281,10,156,391,0,34d4a3eeb008ed88a8bb5bc8f2c6aa29ad79681b5b6b75e2cdcf99006f21fba4,그랑플람 아시아 지부
ㅣ아이작ㅣ,엘프리데,원거리딜러,완벽주의자,할인 판매,완전한 성장,S 결정적 순간,유니크,S 감춰진 시선,유니크,S 오버 필링,유니크,E 레스트레인트,유니크,S 완벽한 자유,유니크,S 온화한 발걸음,유니크,팰리스 메모,레어,저스티스 페인트북,레어,체스터 더블버거,레어,페이트 엑셀,레어,이펙트 이펙션,레어,솔리드 스위퍼,레어,타나토스 맥시머,레어,E 잔혹한 처벌,유니크,SB데블스 데브,레어,정해진 운명,유니크,False,66,15,5,10,64348,24321,201,318,21200,3350,17,28,1281,23,308,267,0,34d4a3eeb008ed88a8bb5bc8f2c6aa29ad79681b5b6b75e2cdcf99006f21fba4,그랑플람 아시아 지부
캐러비,레베카,탱커,기민한 몸놀림,재생의 숨결,불굴의 의지,E 베른 스트레이트,유니크,E 슈바이츠 프라이드,유니크,E 에실로프,유니크,S 에너제틱 머젼스,유니크,E 스폴리 인터라켄,유니크,S 루이너스 스탠스,유니크,크래쉬 레그람,레어,테라듀 레그람,레어,아이언 스파클링 ,레어,스프린터 프로빅,레어,아이언 파이크,레어,아이언 플래쉬,레어,뎀프시롤 임팩트,언커먼,S 페더럴 폴리스,유니크,롤링 메이웨더,레어,케이스 레그람,레어,False,52,3,5,13,23678,40349,390,500,16100,4300,7,6,1149,9,553,217,0,34d4a3eeb008ed88a8bb5bc8f2c6aa29ad79681b5b6b75e2cdcf99006f21fba4,그랑플람 아시아 지부
구리사퍼,타라,원거리딜러,완벽주의자,전세역전,준비된 한 발,E 데몰리션 파이어,유니크,E 아이리스 보터 ,유니크,플레어 플라밍고,레어,E 무크 디토네이터,유니크,스니치 파이어러,레어,블레이즈 힐 ,레어,불놀이 하우레스,레어,발화 하우레스,레어,토치 스파클링,레어,리세스 스프린터,레어,이펙트 이펙션,레어,솔리드 스위퍼,레어,공간발화 임팩트,언커먼,E 스티즈 머쉬,유니크,불꽃마녀-혼불,레어,메테오 카티에르,유니크,False,66,6,8,13,62700,34323,179,236,21290,3200,23,36,1281,15,265,367,1,34d4a3eeb008ed88a8bb5bc8f2c6aa29ad79681b5b6b75e2cdcf99006f21fba4,그랑플람 아시아 지부
번개아저씨,제레온,탱커,불굴의 의지,재생의 숨결,최후의 저항,E 그레이스 애퀼러,유니크,E 루미넌 애퀼러,유니크,S 로열 히페리온,유니크,E 템플러 소린,유니크,S 헤본 가디언,유니크,S 인그레이 가디언,유니크,가디언 레그람,레어,프렐류드 레그람,레어,로열 스파클링 ,레어,스프린터 프로빅,레어,로열 파이크,레어,로열 타즈 ,레어,드래곤 플라이R,커먼,S 바요넷 플로리쉬,유니크,템페스트 레그람,레어,임페리얼 나이트,유니크,False,43,1,6,12,15697,44789,346,460,13910,4300,6,4,1281,91,296,207,1,34d4a3eeb008ed88a8bb5bc8f2c6aa29ad79681b5b6b75e2cdcf99006f21fba4,그랑플람 아시아 지부
날자꾸나,린,탱커,최후의 저항,할인 판매,선봉장,E 모란꽃 손매듭,유니크,E 일곱빛깔 무지개,유니크,E 금선당 당의 ,유니크,E 오색칠보 노리개,유니크,E 천년의 기억,유니크,S 당혜,유니크,염동파 레그람,레어,참나무 레그람,레어,염동 스파클링 ,레어,스피드 파워업,언커먼,파이크 이펙션,레어,스테민 터틀,레어,T2 통신기,언커먼,E 단아한 미소,유니크,무쇠가위 레그람,레어,은협도,유니크,False,31,1,3,7,8394,36836,248,356,9210,2150,7,2,893,97,561,66,0,a4ab5e966cb4a2d06d7452e4435a46ba0a5596333845622066319ba0d5025068,리버포드
번개아저씨,제레온,탱커,불굴의 의지,재생의 숨결,최후의 저항,E 그레이스 애퀼러,유니크,E 루미넌 애퀼러,유니크,S 로열 히페리온,유니크,E 템플러 소린,유니크,S 헤본 가디언,유니크,S 인그레이 가디언,유니크,가디언 레그람,레어,프렐류드 레그람,레어,로열 스파클링 ,레어,스프린터 프로빅,레어,로열 파이크,레어,로열 타즈 ,레어,드래곤 플라이R,커먼,S 바요넷 플로리쉬,유니크,템페스트 레그람,레어,임페리얼 나이트,유니크,False,27,0,5,6,8918,32289,163,242,9030,2800,11,3,893,110,267,113,0,a4ab5e966cb4a2d06d7452e4435a46ba0a5596333845622066319ba0d5025068,리버포드
벙쩌네,다이무스,근거리딜러,급소 가격,할인 판매,거인 사냥꾼,S 메이헨 슈나이더,유니크,E 베스페리아 ,유니크,E 우아한 궤적,유니크,E 골드 샤르페,유니크,E 펄션 필러 ,유니크,E 슈발츠 슈트름,유니크,그랜드소드-심안,레어,질풍의 베리드,레어,체스터 더블버거,레어,스피드 업,커먼,파이크 이펙션,레어,황색 다식,레어,하드스킨 버스터,레어,S 솔리튜드 칼리버,유니크,풀문 아피아골드,레어,쉬베르트 루프리,유니크,False,37,2,6,5,24199,33216,169,218,11490,2150,10,20,893,63,270,149,0,a4ab5e966cb4a2d06d7452e4435a46ba0a5596333845622066319ba0d5025068,리버포드
세자저하,하랑,원거리딜러,완벽주의자,사냥꾼의 본능,전장의 열기,S 호기만장,유니크,E 마파람,유니크,E 칠전팔기,유니크,E 가온누리,유니크,E 높새구름,유니크,E 천우신조,유니크,벽조목-자령,레어,제압 명주고리,레어,체스터 더블버거,레어,런업 스프린터,레어,파이크 이펙션,레어,하디스트 스위퍼,레어,서생원 임팩트,언커먼,E 사나운 패기,유니크,술령 명주고리,레어,벽조목-귀신불침,레어,False,49,5,3,5,33690,20866,136,159,14450,2400,16,30,893,102,547,107,0,a4ab5e966cb4a2d06d7452e4435a46ba0a5596333845622066319ba0d5025068,리버포드
배x리x나,리사,서포터,부서진 갑옷,충동 구매,보호 방벽,E 순백의 하모니,유니크,E 러브 앤 너버스,유니크,E 엔젤 심포니,유니크,S 절망 속 빛줄기,유니크,E 마음의 벽,유니크,E 소리없는 비명,유니크,칸타빌레 레그람,레어,단절의 티어즈,레어,아리아 스파클링,레어,페스티네이션,레어,아리아 이펙트,레어,솔리드 스위퍼,레어,천상의 임팩트,언커먼,포겟 미 낫,레어,천상 모렌도,레어,믿음의 트윈링,유니크,False,46,3,3,10,17910,23627,144,171,13530,1700,20,16,893,132,494,88,0,a4ab5e966cb4a2d06d7452e4435a46ba0a5596333845622066319ba0d5025068,리버포드
주희,타라,원거리딜러,완벽주의자,사냥꾼의 본능,전장의 열기,S 데몰리션 파이어,유니크,E 아이리스 보터 ,유니크,E 마녀의 유희,유니크,E 무크 디토네이터,유니크,E 스칼렛 랩소디,유니크,E 파이어 포르테,유니크,불놀이 파피스타,레어,발화 하우레스,레어,체스터 더블버거,레어,플레어 스프린터 ,레어,멜츠 어벤저,언커먼,베링거 터틀본,언커먼,공간발화 임팩트,언커먼,E 스티즈 머쉬,유니크,정념 하우레스,레어,메테오 카티에르,유니크,False,49,4,1,6,49924,11182,120,157,16370,3200,21,31,893,167,677,49,1,a4ab5e966cb4a2d06d7452e4435a46ba0a5596333845622066319ba0d5025068,리버포드
Killzo,파수꾼 A,원거리딜러,완벽주의자,전장의 학살자,전장의 열기,E 어센던트,유니크,E 피어싱 아이즈,유니크,S 무형의 감옥,유니크,E 짜여진 각본,유니크,S 하빈저,유니크,E 에고이스트,유니크,클로 에델슈타인,레어,크로우 바이알,레어,레이븐 스파클링,레어,런업 스프린터,레어,이펙트 이펙션,레어,레이븐 타즈,레어,워든 맥시머,레어,E 잔혹한 모략가,유니크,시프트 바이알,레어,그라시아 에피칵스,유니크,False,55,9,3,9,49043,18223,198,163,17350,3300,29,28,893,88,415,67,1,a4ab5e966cb4a2d06d7452e4435a46ba0a5596333845622066319ba0d5025068,리버포드
오짱,웨슬리,원거리딜러,완벽주의자,사냥꾼의 본능,전장의 열기,E 마인 익스프레스,유니크,E 퀘이크 프론,유니크,E 전장의 매,유니크,E 오퍼레이션 델타,유니크,E 데파르망 ,유니크,E 전쟁의 시작,유니크,공성류탄 할파스,레어,구급 US타이머,레어,체스터 더블버거,레어,런업 스프린터,레어,이펙트 이펙션,레어,솔리드 스위퍼,레어,지원폭격 맥시머,레어,E 장군의 명예,유니크,지뢰 할파스,레어,최후의 폭격명령,유니크,False,62,5,3,22,39752,21123,207,299,19800,3800,27,19,1392,345,574,120,0,1fd460d3b30a4d736307a3a46736ef05af5f88fd427ca5f15bc590e05484a17d,브리스톨
건강한대장내시경,리첼,탱커,불굴의 의지,재생의 숨결,최후의 저항,E 터쳐블 웨이브,유니크,E 러브 앤 헤이트,유니크,E 히든 하이라이트,유니크,E 그란디오소,유니크,E 다이나믹 딥퍼플,유니크,S 블랙캣 스텝,유니크,블래스트 레그람,레어,마이크온 레그람,레어,뮤지션 스파클링 ,레어,뮤지션 엑셀,레어,뮤지션 파이크 ,레어,뮤지션 플래쉬 ,레어,트론 통신기 C1,언커먼,E 안티 스타,유니크,DB바이올렛 데브,레어,약속의 트윈링,유니크,False,41,0,9,5,10448,54827,288,394,12420,2900,4,7,1392,57,235,245,0,1fd460d3b30a4d736307a3a46736ef05af5f88fd427ca5f15bc590e05484a17d,브리스톨
번개아저씨,아이작,탱커,불굴의 의지,재생의 숨결,최후의 저항,E 리트릿 프리벤트,유니크,E 쇼업 데드맨,유니크,E 빅 블랙 머신,유니크,E 인휴먼 퍼슈어,유니크,E 킬링 머신,유니크,E 데드 컨트랩션,유니크,저지먼트 아바돈,레어,레이지 아바돈,레어,블랙 스파클링 ,레어,블랙 스프린터,레어,블랙 이펙트,레어,블랙 타즈 ,레어,DT 인사이트 R1,커먼,E 쇼 스탑퍼,유니크,그런트-레이지,레어,데몰리쉬 에너미,유니크,False,33,1,6,10,10981,55655,276,484,12460,4000,9,2,1392,61,385,134,0,1fd460d3b30a4d736307a3a46736ef05af5f88fd427ca5f15bc590e05484a17d,브리스톨
게이하르폰아르펜,다이무스,근거리딜러,최후의 일격,할인 판매,거인 사냥꾼,E 메이헨 슈나이더,유니크,E 베스페리아 ,유니크,E 우아한 궤적,유니크,S 골드 샤르페,유니크,E 펄션 필러 ,유니크,E 슈발츠 슈트름,유니크,장작 다이아프론,레어,질풍의 마르스,레어,액트 스파클링 ,레어,리세스 스프린터,레어,질풍의 이펙트 ,레어,솔리드 스위퍼,레어,보름달 임팩트,언커먼,E 솔리튜드 칼리버,유니크,보름달 베리드,레어,쉬베르트 루프리,유니크,False,64,7,6,10,31075,31601,184,268,20640,3010,29,27,1392,38,713,183,0,1fd460d3b30a4d736307a3a46736ef05af5f88fd427ca5f15bc590e05484a17d,브리스톨
뇌없플일안한다,디아나,탱커,불굴의 의지,재생의 숨결,최후의 저항,E 앱솔루트 오더,유니크,E 퍼펙트 엠프레스,유니크,S 절대적 규율,유니크,E 임플리싯 룰,유니크,S 골져스 스네어,유니크,S 포스풀 컨트롤,유니크,채찍 언그람,언커먼,케이지 언그람,언커먼,첼시 콜라 V,레어,그레이스 스프린터,레어,이펙트 이펙션,레어,그레이스 플래쉬,레어,인사이트 엔진T7 ,언커먼,S 선택된 재능,유니크,파편 레그람,레어,씰 오브 드로스트,유니크,False,29,0,6,5,5478,33245,141,197,8270,1600,8,2,812,0,198,152,0,7830cf00b3e456dd4b5f6fc36bc640d8defc6b5852db485495430d128d0f8027,리버포드
배쒼자,다이무스,근거리딜러,속전속결,사냥꾼의 본능,급소 가격,E 메이헨 슈나이더,유니크,E 베스페리아 ,유니크,E 우아한 궤적,유니크,S 골드 샤르페,유니크,E 펄션 필러 ,유니크,E 슈발츠 슈트름,유니크,장작 베리드,레어,질풍의 베리드,레어,체스터 더블버거,레어,리세스 스프린터,레어,이펙트 이펙션,레어,솔리드 스위퍼,레어,절명도 맥시머,레어,E 솔리튜드 칼리버,유니크,보름달 베리드,레어,쉬베르트 루프리,유니크,False,42,2,6,1,18981,18256,45,97,12110,1400,23,17,812,17,264,181,0,7830cf00b3e456dd4b5f6fc36bc640d8defc6b5852db485495430d128d0f8027,리버포드
345는거들뿐,미아,원거리딜러,완벽주의자,사냥꾼의 본능,전장의 열기,SP글리플 게브,레어,SP그레이스 포,레어,E 옐로우 루트웨이브,유니크,E 프릭클 에린,유니크,듀티 소리아노,레어,E 이네이쳐 게브,유니크,도장 바이리프,레어,가시 바이리프,레어,우드 스파클링 ,레어,우드 엑셀,레어,파이크 이펙션,레어,우드 타즈 ,레어,세계수 맥시머,레어,S 레드 크로니클,유니크,뿌리 바이리프,레어,트리콜로 트와인,유니크,False,39,1,5,2,12542,13261,42,73,12250,1500,15,25,812,60,256,112,0,7830cf00b3e456dd4b5f6fc36bc640d8defc6b5852db485495430d128d0f8027,리버포드
ResetN,드렉슬러,원거리딜러,완벽주의자,사냥꾼의 본능,전장의 열기,E 마노 레파르토,유니크,S 린 아르메,유니크,E 드래곤 스카,유니크,E 플랑베르 라비타,유니크,E 캐러비니어 ,유니크,S 폴링 스타,유니크,심판 시트리,레어,분열의 시트리,레어,체스터 더블버거,레어,런업 스프린터,레어,파이크 이펙션,레어,솔리드 스위퍼,레어,분열창 임팩트,언커먼,E 프라디지 드라군,유니크,나선창 시트리,레어,유성 무차스랜서,유니크,False,53,5,6,13,43108,26435,219,278,18270,4300,23,26,1154,43,397,236,0,e5dd368d4ac5fe080b5a8396e407d87239f0b6e94cc0016469a18f9cb10073cd,메트로폴리스
번개아저씨,휴톤,탱커,불굴의 의지,재생의 숨결,최후의 저항,E 블래스터 비트 ,유니크,S 해일매리 패스,유니크,S 터스킨 ,유니크,S 데모닉 펀쳐,유니크,E 스톤 크래셔,유니크,S 아이언 룰러,유니크,지옥구멍 레그람,레어,바야바 아몬,레어,본 스파클링 ,레어,런업 스프린터,레어,아이리쉬 이펙트 ,레어,아이리쉬 타즈 ,레어,드래곤 플라이R,커먼,S 브레이킹 스매쉬,유니크,서든어퍼 레그람,레어,누크 퓨리피스트,유니크,False,40,5,4,20,25395,41857,339,482,14010,4800,6,1,1154,37,587,177,0,e5dd368d4ac5fe080b5a8396e407d87239f0b6e94cc0016469a18f9cb10073cd,메트로폴리스
RMTCRW,론,원거리딜러,충동 구매,사냥꾼의 본능,전장의 열기,E 자발적 복종,유니크,S 완벽한 계획,유니크,데스메탈재킷,레어,S 검은 의도,유니크,E 계획적 행동이론,유니크,S 모래위의 발자국,유니크,블래스팅 디펜더,레어,스팅어 데스링,레어,체스터 더블버거,레어,샌드 스프린터,레어,파이크 이펙션,레어,스테민 터틀,레어,스팅어 임팩트,언커먼,E 맹렬한 모래바람,유니크,DB더스트 데브,레어,설계된 죽음,유니크,False,64,6,2,9,53826,23846,259,362,20410,3500,33,38,1154,185,524,101,0,e5dd368d4ac5fe080b5a8396e407d87239f0b6e94cc0016469a18f9cb10073cd,메트로폴리스
지노사,호타루,근거리딜러,거인 사냥꾼,제압,최후의 일격,E 아마테라스,유니크,E 백연 비천무,유니크,E 아카 토리노,유니크,E 팔문괘장,유니크,E 바케모노 가타리,유니크,E 은월기담,유니크,쐐기 카무이,레어,폭연 카무이,레어,체스터 더블버거,레어,리세스 스프린터,레어,폭연 파이크,레어,솔리드 스위퍼,레어,환영분신 맥시머,레어,E 아카 오오조라,유니크,비연폭 카무이,레어,환영술 두루마리,유니크,False,52,9,6,7,34982,21947,135,186,15310,2300,22,12,1154,5,311,295,0,e5dd368d4ac5fe080b5a8396e407d87239f0b6e94cc0016469a18f9cb10073cd,메트로폴리스
솜과자,라이언,탱커,기민한 몸놀림,할인 판매,최후의 저항,S 크리티컬 블로우,유니크,E 끔찍한 기억,유니크,E 아름다운 지평선,유니크,S 헤카톤케이레스,유니크,E 디펜시브 엔드,유니크,S 오후의 죽음,유니크,블리츠 레그람,레어,블로킹 레그람,레어,스톤 스파클링,레어,런업 스프린터,레어,스톤 이펙트 ,레어,스톤 플래쉬 ,레어,인사이트 엔진T7 ,언커먼,골드 보타이,레어,스매시 부토니에,레어,오지 않을 미래,유니크,False,40,7,5,6,20971,41458,283,448,14370,4290,17,10,1154,53,407,165,0,e5dd368d4ac5fe080b5a8396e407d87239f0b6e94cc0016469a18f9cb10073cd,메트로폴리스
루이논,제키엘,탱커,선봉장,재생의 숨결,최후의 저항,E 잔혹한 구원,유니크,E 안티 메시아,유니크,E 거부당한 기도,유니크,E 달콤한 모멸,유니크,E 불공정한 안식,유니크,E 약속된 재림,유니크,참혹한 암밴드,레어,단죄의 암밴드,레어,첼시 콜라 V,레어,스피드 업,커먼,파나틱 이펙트 ,레어,파나틱 플래쉬 ,레어,PS 레이더 R4,언커먼,E 노블 매니악,유니크,사도강림 레그람,레어,묵시록 레그람,레어,False,38,0,5,15,14257,51314,363,511,12990,3900,12,5,1154,78,341,119,1,e5dd368d4ac5fe080b5a8396e407d87239f0b6e94cc0016469a18f9cb10073cd,메트로폴리스
멜번의하늘,제레온,탱커,불굴의 의지,재생의 숨결,최후의 저항,S 그레이스 애퀼러,유니크,E 루미넌 애퀼러,유니크,S 로열 히페리온,유니크,E 템플러 소린,유니크,E 헤본 가디언,유니크,S 인그레이 가디언,유니크,가디언 레그람,레어,프렐류드 레그람,레어,로열 스파클링 ,레어,엑셀레이션,레어,로열 파이크,레어,박씨,레어,DT 인사이트 R1,커먼,E 바요넷 플로리쉬,유니크,템페스트 레그람,레어,임페리얼 나이트,유니크,False,47,3,8,9,16180,45959,306,390,13590,2300,15,10,1154,42,365,192,1,e5dd368d4ac5fe080b5a8396e407d87239f0b6e94cc0016469a18f9cb10073cd,메트로폴리스
번개아저씨,브루스,탱커,불굴의 의지,재생의 숨결,최후의 저항,E 거침없는 발톱,유니크,E 황혼의 풍채,유니크,E 야성의 심장,유니크,E 승리의 상징,유니크,E 진중한 탐험가,유니크,E 기나긴 여정,유니크,맹수 레그람,레어,베어 레그람,레어,야수 스파클링 ,레어,야수 스프린터,레어,파이크 이펙션,레어,야수 타즈 ,레어,T11-스파이더,언커먼,E 행운의 증표,유니크,하울링 레그람,레어,와일드 프로브킷,레어,False,37,1,4,11,13551,34471,199,351,10040,2000,8,5,893,10,334,113,0,e8655ffb2f03e94487dd7ff27ffca43d824f4b1df2b4c438d14f9d4f1e94ace9,리버포드
rrIlIIlI,루시,원거리딜러,준비된 한 발,전장의 학살자,완전한 성장,E 섬섬옥수,유니크,E 오발선빈,유니크,E 지체투향,유니크,E 세류요,유니크,S 작장중무,유니크,E 연보소말,유니크,SB낙화 루인,레어,반월 청옥석,레어,체스터 더블버거,레어,리세스 스프린터,레어,이펙트 이펙션,레어,솔리드 스위퍼,레어,비단향꽃무 맥시머,레어,S 적월선,유니크,화무 청옥석,레어,절세가인,유니크,False,34,8,7,4,27687,27674,141,190,13180,3800,14,17,893,17,238,184,0,e8655ffb2f03e94487dd7ff27ffca43d824f4b1df2b4c438d14f9d4f1e94ace9,리버포드
뀪꺆꾞껶,토마스,탱커,전선 유지,단단한 피부,선봉장,E 아이스 컴포지션,유니크,E 눈꽃의 지휘,유니크,E 윈터 히어로,유니크,S 스노우 플라워,유니크,RA프리져 스카디 ,레어,E 블리자드 기어 ,유니크,슬라이드 리모네 L,언커먼,프리즌 콜드밴드,레어,첼시 콜라 V,레어,스피드 파워업,언커먼,프로스트 이펙트 ,레어,스테민 터틀,레어,드래곤 플라이R,커먼,쿨 비숍 S,언커먼,냉각 도스프로퍼,레어,허리케인 스위퍼,유니크,False,30,2,5,8,6310,54818,242,313,10540,2400,15,9,893,15,354,149,0,e8655ffb2f03e94487dd7ff27ffca43d824f4b1df2b4c438d14f9d4f1e94ace9,리버포드
배쒼자,웨슬리,원거리딜러,전장의 열기,회피 사격,완전한 성장,E 마인 익스프레스,유니크,E 퀘이크 프론,유니크,E 전장의 매,유니크,E 오퍼레이션 델타,유니크,E 데파르망 ,유니크,E 전쟁의 시작,유니크,SB공성류탄 루인,레어,구급 US타이머,레어,체스터 더블버거,레어,런업 스프린터,레어,이펙트 이펙션,레어,솔리드 스위퍼,레어,공성류탄 임팩트,언커먼,E 장군의 명예,유니크,SB데저트 베티,레어,최후의 폭격명령,유니크,False,42,3,4,10,26315,18825,101,165,13380,2200,20,21,893,41,345,139,0,e8655ffb2f03e94487dd7ff27ffca43d824f4b1df2b4c438d14f9d4f1e94ace9,리버포드
레인데빌라,미아,원거리딜러,완벽주의자,사냥꾼의 본능,전장의 열기,E 이볼브 가이아,유니크,E 디바인 그레이스,유니크,E 옐로우 루트웨이브,유니크,E 프릭클 에린,유니크,E 와일드 크로스,유니크,E 이네이쳐 게브,유니크,도장 바이리프,레어,가시 바이리프,레어,체스터 더블버거,레어,우드 엑셀,레어,우드 파이크 ,레어,스테민 터틀,레어,세계수 맥시머,레어,E 레드 크로니클,유니크,뿌리 바이리프,레어,트리콜로 트와인,유니크,False,48,8,5,3,31619,20525,120,159,15440,3300,17,34,893,22,284,201,0,e8655ffb2f03e94487dd7ff27ffca43d824f4b1df2b4c438d14f9d4f1e94ace9,리버포드
지존전사v김마틴,스텔라,탱커,최후의 저항,단단한 피부,선봉장,FA아이언 크루저,레어,이너 스코프 ,레어,E 바이퍼트론,유니크,E 스트로매크 ,유니크,E 러스티 하츠,유니크,E 퓨엘 제너레이터,유니크,축퇴 레그람,레어,T1장착-보법,레어,서치 스파클링 ,레어,런업 스프린터,레어,레버 파이크 ,레어,솔리드 스위퍼,레어,섬전연각 임팩트,언커먼,E 스타리 나이트,유니크,섬전연각 레그람,레어,스타 포드인포서,유니크,False,34,4,6,7,13810,40618,276,413,11090,3600,14,3,893,38,269,142,1,e8655ffb2f03e94487dd7ff27ffca43d824f4b1df2b4c438d14f9d4f1e94ace9,리버포드
급식먹으러가욧,윌라드,원거리딜러,전장의 열기,전장의 학살자,완전한 성장,프라디 보크스,레어,S 그랜드 듀크,유니크,E 블레스트 슈트,유니크,S 청천벽력,유니크,E 스틸레토라,유니크,E 라이트 블리츠,유니크,낙뢰 오리악스,레어,구형 루드크리스,레어,체스터 더블버거,레어,런업 스프린터,레어,파이크 이펙션,레어,솔리드 스위퍼,레어,PS 레이더 R4,언커먼,S 블리츠 와일즈,유니크,뇌보법 루베리티,레어,썬더 고르드마스,유니크,False,42,5,3,11,35518,13634,131,195,16410,4300,29,25,893,73,567,74,1,e8655ffb2f03e94487dd7ff27ffca43d824f4b1df2b4c438d14f9d4f1e94ace9,리버포드
RMTCRW,론,원거리딜러,충동 구매,사냥꾼의 본능,전장의 열기,E 자발적 복종,유니크,S 완벽한 계획,유니크,데스메탈재킷,레어,S 검은 의도,유니크,E 계획적 행동이론,유니크,S 모래위의 발자국,유니크,블래스팅 디펜더,레어,스팅어 데스링,레어,체스터 더블버거,레어,샌드 스프린터,레어,파이크 이펙션,레어,스테민 터틀,레어,스팅어 임팩트,언커먼,E 맹렬한 모래바람,유니크,DB더스트 데브,레어,설계된 죽음,유니크,False,56,10,3,12,62912,11144,184,296,18330,3100,21,26,893,73,351,90,1,e8655ffb2f03e94487dd7ff27ffca43d824f4b1df2b4c438d14f9d4f1e94ace9,리버포드
현용,헬레나,원거리딜러,충동 구매,전장의 학살자,전장의 열기,E 커스드 어빌리티,유니크,E 위어리 아이즈,유니크,E 치프 리서처,유니크,S 마더스 듀티,유니크,S 숨겨둔 그리움,유니크,E 이기적인 선택,유니크,활성화 폴리오,레어,SB앰플샷 루차,레어,체스터 더블버거,레어,런업 스프린터,레어,파이크 이펙션,레어,솔리드 스위퍼,레어,포인트 임팩트,언커먼,S 간절한 바람,유니크,포인트 차트,레어,파기된 기록,유니크,False,39,4,6,11,38965,21930,158,183,13150,2600,10,13,893,26,336,132,1,e8655ffb2f03e94487dd7ff27ffca43d824f4b1df2b4c438d14f9d4f1e94ace9,리버포드
고운말2760,도일,근거리딜러,급소 가격,전세역전,최후의 일격,SP하드 보일드,레어,SP크래시 봄,레어,플랙 잭나이프,레어,S 타로우 ,유니크,E 진보적 파괴,유니크,E 하드 불도저 ,유니크,실버볼트-근육,레어,회전의 벌컨,레어,체스터 더블버거,레어,리세스 스프린터,레어,해머 이펙트 ,레어,바이벤 스테민II,언커먼,S펀치 맥시머,레어,가죽끈링 DX,커먼,캐논어퍼 벌컨,레어,S펀치 퍼시 R,언커먼,False,44,2,6,4,5108,18156,58,101,14090,2200,23,10,893,53,206,135,1,e8655ffb2f03e94487dd7ff27ffca43d824f4b1df2b4c438d14f9d4f1e94ace9,리버포드
rrIlIIlI,앨리셔,서포터,코인 은행,할인 판매,보호 방벽,E 퍼펫 로드 ,유니크,S 소녀의 마음,유니크,E 치어 매직 ,유니크,E 천사의 미소,유니크,E 시즐 루나마리아,유니크,S GT 슈퍼캔버스,유니크,엔젤 레그람,레어,블레스 하트비터,레어,치어 스파클링 ,레어,런업 스프린터,레어,엔젤 파이크 ,레어,솔리드 스위퍼,레어,심판의빛 맥시머,레어,E 영롱한 빛,유니크,선라이즈-블링크,레어,밀키스 블라인더,유니크,False,31,0,8,14,8532,37418,235,250,10410,2860,3,5,946,0,165,191,0,963de33e45f63840b7f2dcf0ae6859899fcdc3572adb937dc7b74d869f1ae20e,메트로폴리스
나도아직쓸만하군,웨슬리,탱커,불굴의 의지,제압,전선 유지,E 마인 익스프레스,유니크,S 퀘이크 프론,유니크,S 전장의 매,유니크,E 오퍼레이션 델타,유니크,E 데파르망 ,유니크,E 전쟁의 시작,유니크,커맨더-회피,레어,구급의 할파스,레어,체스터 더블버거,레어,리세스 스프린터,레어,커맨더 이펙트 ,레어,커맨더 타즈 ,레어,지원폭격 맥시머,레어,S 장군의 명예,유니크,지뢰 할파스,레어,최후의 폭격명령,유니크,False,33,2,9,6,18383,46993,264,273,10310,1900,7,4,946,41,235,212,0,963de33e45f63840b7f2dcf0ae6859899fcdc3572adb937dc7b74d869f1ae20e,메트로폴리스
빛이보이지않아,이글,근거리딜러,급소 가격,사냥꾼의 본능,거인 사냥꾼,E 브리닝 슈나이더,유니크,S 스크라이 쇼크 ,유니크,S 언밸런스 레퀴엠,유니크,E 화이트 샤르페,유니크,S 킬 블레이드 ,유니크,S 바이스 슈트름,유니크,SB장작 루인,레어,사영 엘리고스,레어,체스터 더블버거,레어,스네이크 엑셀,레어,스네이크 이펙트 ,레어,솔리드 스위퍼,레어,적혈참 맥시머,레어,E 라이언트 소드,유니크,초승달 엘리고스,레어,쉬베르트 바이스,유니크,False,38,4,14,3,21102,47281,89,152,12430,2100,16,20,946,17,134,352,0,963de33e45f63840b7f2dcf0ae6859899fcdc3572adb937dc7b74d869f1ae20e,메트로폴리스
호박성,아이작,근거리딜러,충동 구매,제압,거인 사냥꾼,E 리트릿 프리벤트,유니크,E 쇼업 데드맨,유니크,E 빅 블랙 머신,유니크,E 인휴먼 퍼슈어,유니크,E 킬링 머신,유니크,E 데드 컨트랩션,유니크,SB저지먼트 루인,레어,레이지 빅스틱,레어,블랙 스파클링 ,레어,블랙 스프린터,레어,블랙 파이크 ,레어,솔리드 스위퍼,레어,트론 통신기 A1 ,언커먼,E 더 히트맨,유니크,데드맨 레그람,레어,데몰리쉬 에너미,유니크,False,38,6,12,4,20362,36059,118,187,11970,2400,17,10,946,19,96,348,0,963de33e45f63840b7f2dcf0ae6859899fcdc3572adb937dc7b74d869f1ae20e,메트로폴리스
사이코지,레나,탱커,불굴의 의지,할인 판매,최후의 저항,S 트론 룰러 ,유니크,E 사이퍼 스카우터,유니크,E 랜드 스피더,유니크,E 퓨처 워커,유니크,E 글렘스타 라이트,유니크,E 펌프 나이트로,유니크,축퇴 헤르메스,레어,금강 프론트타임,레어,볼륨업 스파클링,레어,아드레날린II,레어,기어 파이크 ,레어,기어 타즈 ,레어,섬전각 임팩트,언커먼,핀 와이어 CP,레어,섬전각 레라지에,레어,각력 베르미터빈,유니크,False,29,4,9,4,19024,39546,204,280,10960,3900,17,12,941,50,156,187,0,93f0b604a68491d3d78656753a38f6d0b9734b85ec71e99e0e54e8c17a4034bc,스프링필드
토끼살려얽,미쉘,원거리딜러,전장의 열기,회피 사격,완전한 성장,E 스매쉬 히트,유니크,E 오너먼트 비니,유니크,E 키네시스 테그,유니크,E 마인드 크래시,유니크,E 아가일 퍼,유니크,E 카오스 크로니클,유니크,염동 비프론즈,레어,체이서 비프론즈,레어,염동 스파클링 ,레어,런업 스프린터,레어,염동 이펙트,레어,솔리드 스위퍼,레어,더스트 맥시머,레어,E 마인드 길티,유니크,바위 비프론즈,레어,하이더 키트,유니크,False,42,6,3,3,33435,20680,158,226,13080,2700,15,18,941,147,442,120,0,93f0b604a68491d3d78656753a38f6d0b9734b85ec71e99e0e54e8c17a4034bc,스프링필드
회량,라이언,탱커,최후의 저항,재생의 숨결,기민한 몸놀림,S 크리티컬 블로우,유니크,E 끔찍한 기억,유니크,E 아름다운 지평선,유니크,RA완벽한 마지막,레어,E 디펜시브 엔드,유니크,S 오후의 죽음,유니크,블리츠 레그람,레어,블로킹 레그람,레어,스톤 스파클링,레어,런업 스프린터,레어,스톤 파이크,레어,스톤 플래쉬 ,레어,블로킹 임팩트,언커먼,골드 보타이,레어,락 스매시 레그람,레어,오지 않을 미래,유니크,False,35,0,6,4,7914,40772,213,307,8980,1500,9,4,941,48,222,162,0,93f0b604a68491d3d78656753a38f6d0b9734b85ec71e99e0e54e8c17a4034bc,스프링필드
멜번의하늘,제레온,탱커,불굴의 의지,재생의 숨결,최후의 저항,S 그레이스 애퀼러,유니크,E 루미넌 애퀼러,유니크,S 로열 히페리온,유니크,E 템플러 소린,유니크,E 헤본 가디언,유니크,S 인그레이 가디언,유니크,가디언 레그람,레어,프렐류드 레그람,레어,로열 스파클링 ,레어,엑셀레이션,레어,로열 파이크,레어,박씨,레어,DT 인사이트 R1,커먼,E 바요넷 플로리쉬,유니크,템페스트 레그람,레어,임페리얼 나이트,유니크,False,40,1,9,1,11622,45093,268,318,10560,1800,12,18,941,29,154,221,0,93f0b604a68491d3d78656753a38f6d0b9734b85ec71e99e0e54e8c17a4034bc,스프링필드
김뚜욘,에밀리,원거리딜러,할인 판매,전장의 학살자,전장의 열기,E 유레카,유니크,S 순수한 정신,유니크,S 원소의 순환,유니크,S 크리소포에이아,유니크,S 신성한 초월,유니크,E 아타노르,유니크,캡슐 레그람,레어,파운틴 백팩,레어,체스터 더블버거,레어,엑셀레이션,레어,알케미 파이크 ,레어,스테민 터틀,레어,파운틴 임팩트,언커먼,E 아쿠아 레기아,유니크,구르기 도시락,레어,에메랄드 타블릿,유니크,False,46,3,6,8,23346,25521,90,152,13160,1960,7,27,941,22,177,205,0,93f0b604a68491d3d78656753a38f6d0b9734b85ec71e99e0e54e8c17a4034bc,스프링필드
번개아저씨,휴톤,탱커,불굴의 의지,재생의 숨결,최후의 저항,E 블래스터 비트 ,유니크,S 해일매리 패스,유니크,S 터스킨 ,유니크,S 데모닉 펀쳐,유니크,E 스톤 크래셔,유니크,S 아이언 룰러,유니크,지옥구멍 레그람,레어,바야바 아몬,레어,본 스파클링 ,레어,런업 스프린터,레어,아이리쉬 이펙트 ,레어,아이리쉬 타즈 ,레어,드래곤 플라이R,커먼,S 브레이킹 스매쉬,유니크,서든어퍼 레그람,레어,누크 퓨리피스트,유니크,False,32,0,5,12,14880,27594,250,351,10950,3800,16,0,941,54,433,106,1,93f0b604a68491d3d78656753a38f6d0b9734b85ec71e99e0e54e8c17a4034bc,스프링필드
뀪꺆꾞껶,미아,원거리딜러,완벽주의자,전장의 학살자,전장의 열기,S 이볼브 가이아,유니크,E 디바인 그레이스,유니크,E 옐로우 루트웨이브,유니크,S 프릭클 에린,유니크,E 와일드 크로스,유니크,S 이네이쳐 게브,유니크,임기응변 리모네 L,언커먼,가시 샤이리프,레어,체스터 더블버거,레어,우드 페스티나,레어,우드 이펙트,레어,스테민 터틀,레어,세계수 맥시머,레어,E 레드 크로니클,유니크,뿌리 샤이리프,레어,트리콜로 트와인,유니크,False,61,9,3,12,36341,11654,153,218,17650,1400,15,33,941,47,331,106,1,93f0b604a68491d3d78656753a38f6d0b9734b85ec71e99e0e54e8c17a4034bc,스프링필드
니얼굴철거반ㅋ,플로리안,탱커,전선 유지,할인 판매,전투 태세,E 빼앗은 증표,유니크,E 나르시시즘,유니크,E 영원한 소년,유니크,E 프레데터,유니크,E 에고 디펜스,유니크,S 스포일드 차일드,유니크,늪지대 이어링,레어,섭취 레그람,레어,디시브 스파클링 ,레어,디시브 엑셀,레어,디시브 파이크 ,레어,솔리드 스위퍼,레어,PS 레이더 R4,언커먼,S 거짓된 관계,유니크,줄기 레그람,레어,탐욕의 권화,유니크,False,38,0,2,15,9580,30790,249,396,11850,2190,9,6,941,92,662,31,1,93f0b604a68491d3d78656753a38f6d0b9734b85ec71e99e0e54e8c17a4034bc,스프링필드
뜨겁게아름답게,티샤,원거리딜러,전장의 열기,사냥꾼의 본능,완전한 성장,E 사로잡는 손길,유니크,E 가로막힌 시선,유니크,E 하트브로큰,유니크,E 체인드 드림,유니크,E 루나틱 하이스트,유니크,E 아름다운 속박,유니크,몽환충 프라우드,레어,위스퍼 라이팅,레어,체스터 더블버거,레어,런업 스프린터,레어,악몽의 파이크,레어,악몽의 타즈,레어,PS 레이더 R4,언커먼,E 악마의 반쪽,유니크,DB스피릿 베티,레어,특별한 초대장,유니크,False,62,13,3,10,40337,11157,236,267,19170,2900,30,32,941,72,608,54,1,93f0b604a68491d3d78656753a38f6d0b9734b85ec71e99e0e54e8c17a4034bc,스프링필드
안녕하시미켄,이글,근거리딜러,급소 가격,사냥꾼의 본능,최후의 일격,E 브리닝 슈나이더,유니크,E 스크라이 쇼크 ,유니크,E 언밸런스 레퀴엠,유니크,E 화이트 샤르페,유니크,E 킬 블레이드 ,유니크,E 바이스 슈트름,유니크,장작 셀레네,레어,뱀그림자 셀레네,레어,라이트 스파클링 ,레어,리세스 스프린터,레어,파이크 이펙션,레어,솔리드 스위퍼,레어,초승달 임팩트,언커먼,E 라이언트 소드,유니크,초승달 엘리고스,레어,쉬베르트 바이스,유니크,False,59,11,1,19,70474,14146,192,329,21250,5300,40,28,941,252,665,24,1,93f0b604a68491d3d78656753a38f6d0b9734b85ec71e99e0e54e8c17a4034bc,스프링필드
번개아저씨,제레온,탱커,불굴의 의지,재생의 숨결,최후의 저항,E 그레이스 애퀼러,유니크,E 루미넌 애퀼러,유니크,S 로열 히페리온,유니크,E 템플러 소린,유니크,S 헤본 가디언,유니크,S 인그레이 가디언,유니크,가디언 레그람,레어,프렐류드 레그람,레어,로열 스파클링 ,레어,스프린터 프로빅,레어,로열 파이크,레어,로열 타즈 ,레어,드래곤 플라이R,커먼,S 바요넷 플로리쉬,유니크,템페스트 레그람,레어,임페리얼 나이트,유니크,False,64,0,8,14,16522,61143,364,412,18860,4600,34,17,1632,55,290,340,0,b445a6ed2079533dda5aac43084c2cdd533041e54e1e5e24c98fa99dc11c506b,스프링필드
핀꽂은스님,에바,탱커,불굴의 의지,재생의 숨결,최후의 저항,E 트랜센던트 그립,유니크,E 모험의 전율,유니크,S 기간틱 타이푼,유니크,E 끊임없는 도전,유니크,E 그래플링 테크닉,유니크,E 나의 공격리듬은!,유니크,브레이킹 레그람,레어,스파이어 레그람,레어,파이터 스파클링 ,레어,리세스 스프린터,레어,가락엿,레어,파이터 타즈 ,레어,PS 레이더 R4,언커먼,E 무도가의 자세,유니크,슈타이너 레그람,레어,로제타 스톤,유니크,False,48,0,9,5,9486,54322,270,403,14520,4800,20,2,1632,46,289,310,0,b445a6ed2079533dda5aac43084c2cdd533041e54e1e5e24c98fa99dc11c506b,스프링필드
도화홍련,루이스,근거리딜러,속전속결,사냥꾼의 본능,거인 사냥꾼,E 아이스 에이지,유니크,E 윈터 크루제이드,유니크,E 프로즌 시티,유니크,S 아이스 토퀴즈 ,유니크,E 절대영도,유니크,S 크리스탈 크랙 ,유니크,빙산의 파이몬,레어,리볼버 파이몬,레어,체스터 더블버거,레어,스프린터 프로빅,레어,파이크 이펙션,레어,아이스 타즈 ,레어,영구동토 맥시머,레어,S 프로즌 하트,유니크,드라이 파이몬,레어,프로즌 브레이크,유니크,False,67,7,7,6,26678,43309,142,223,22440,3300,32,25,1632,52,300,325,0,b445a6ed2079533dda5aac43084c2cdd533041e54e1e5e24c98fa99dc11c506b,스프링필드
엑티언스,캐럴,서포터,활성화 지원,신경쇠약,회피 사격,E 프로즌 메모리,유니크,E 그 날의 기억,유니크,E 스노우 프린세스,유니크,E 지워진 약속,유니크,E 소녀의 다짐,유니크,S 첫눈의 발자국,유니크,고드름 큐트링,레어,빙판길 토이링,레어,체스터 더블버거,레어,엑셀레이션,레어,파워 에이스,레어,스테민 닷지,레어,눈보라 맥시머,레어,E 해피 스노우맨,유니크,프로스트 키홀더,레어,크리스마스 선물,유니크,False,65,7,10,13,46327,40252,230,269,24320,5200,26,51,1632,30,428,352,0,b445a6ed2079533dda5aac43084c2cdd533041e54e1e5e24c98fa99dc11c506b,스프링필드
인생ㅈ같으니근딜,파수꾼 A,원거리딜러,완벽주의자,사냥꾼의 본능,전장의 열기,E 어센던트,유니크,E 피어싱 아이즈,유니크,S 무형의 감옥,유니크,E 짜여진 각본,유니크,S 하빈저,유니크,E 에고이스트,유니크,클로 에델슈타인,레어,크로우 편지함,레어,체스터 더블버거,레어,런업 스프린터,레어,이펙트 이펙션,레어,솔리드 스위퍼,레어,워든 맥시머,레어,E 잔혹한 모략가,유니크,시프트 바이알,레어,그라시아 에피칵스,유니크,False,66,16,4,6,79288,30806,414,356,28900,6300,44,58,1632,103,415,234,0,b445a6ed2079533dda5aac43084c2cdd533041e54e1e5e24c98fa99dc11c506b,스프링필드
Chivalry,토마스,탱커,불굴의 의지,재생의 숨결,최후의 저항,E 아이스 컴포지션,유니크,E 눈꽃의 지휘,유니크,E 윈터 히어로,유니크,S 스노우 플라워,유니크,E 미스틱 아이스,유니크,E 블리자드 기어 ,유니크,빙산 콜드밴드,레어,프리즌 크림밴드,레어,쿨 스파클링 ,레어,아드레날린,언커먼,프로스트 이펙트 ,레어,프로스트 플래쉬 ,레어,PS 레이더 R4,언커먼,E 프로스트 솔리드,유니크,냉각 오퍼케이트,레어,허리케인 스위퍼,유니크,False,51,4,7,15,14206,44649,326,387,16790,2800,14,11,1632,17,361,307,1,b445a6ed2079533dda5aac43084c2cdd533041e54e1e5e24c98fa99dc11c506b,스프링필드
미드티모,다이무스,근거리딜러,급소 가격,전세역전,최후의 일격,E 메이헨 슈나이더,유니크,E 베스페리아 ,유니크,E 우아한 궤적,유니크,S 골드 샤르페,유니크,E 펄션 필러 ,유니크,E 슈발츠 슈트름,유니크,장작 베리드,레어,질풍의 베리드,레어,액트 스파클링 ,레어,질풍의 스프린터 ,레어,이펙트 이펙션,레어,질풍의 타즈 ,레어,보름달 임팩트,언커먼,E 솔리튜드 칼리버,유니크,보름달 베리드,레어,쉬베르트 루프리,유니크,False,67,16,9,5,68634,34184,140,221,25210,5200,43,37,1632,43,283,416,1,b445a6ed2079533dda5aac43084c2cdd533041e54e1e5e24c98fa99dc11c506b,스프링필드
웅본좌,제키엘,탱커,불굴의 의지,재생의 숨결,최후의 저항,E 잔혹한 구원,유니크,E 안티 메시아,유니크,S 거부당한 기도,유니크,E 달콤한 모멸,유니크,E 불공정한 안식,유니크,E 약속된 재림,유니크,인도 레그람,레어,단죄 레그람,레어,첼시 콜라 MAX,레어,런업 스프린터,레어,파나틱 파이크 ,레어,파나틱 플래쉬 ,레어,인사이트 엔진T7 ,언커먼,톨 레더마스크 ,레어,사도강림 레그람,레어,감춰진 지식,유니크,False,54,5,7,11,20600,57199,342,451,16790,5300,14,7,1632,60,754,174,1,b445a6ed2079533dda5aac43084c2cdd533041e54e1e5e24c98fa99dc11c506b,스프링필드
도으,엘프리데,원거리딜러,완벽주의자,사냥꾼의 본능,태세전환,E 결정적 순간,유니크,S 감춰진 시선,유니크,S 오버 필링,유니크,E 레스트레인트,유니크,S 완벽한 자유,유니크,S 온화한 발걸음,유니크,팰리스 메모,레어,저스티스 페인트북,레어,체스터 더블버거,레어,페이트 엑셀,레어,파이크 이펙션,레어,페이트 타즈,레어,타나토스 맥시머,레어,E 잔혹한 처벌,유니크,데블스 페인트북,레어,정해진 운명,유니크,False,67,8,3,15,85678,18562,244,277,25250,5400,21,44,1632,151,733,113,1,b445a6ed2079533dda5aac43084c2cdd533041e54e1e5e24c98fa99dc11c506b,스프링필드
JPTK,샬럿,원거리딜러,충동 구매,전장의 학살자,전장의 열기,E 물의 하모니 ,유니크,E 아망아망,유니크,E 파도의 격노,유니크,E 한여름 물장난,유니크,E 레인메이커,유니크,E 레인보우 스텝,유니크,브러쉬-물방울,레어,헤비레인 하겐티,레어,체스터 더블버거,레어,워터 엑셀,레어,워터 이펙트 ,레어,솔리드 스위퍼,레어,헤비레인 임팩트,언커먼,E 비의 노래,유니크,살수포 하겐티,레어,싱크 레인보우,유니크,False,66,4,4,16,40714,23707,306,265,24630,6400,28,54,1632,115,427,189,1,b445a6ed2079533dda5aac43084c2cdd533041e54e1e5e24c98fa99dc11c506b,스프링필드
Yss,엘프리데,원거리딜러,준비된 한 발,전장의 학살자,전장의 열기,E 결정적 순간,유니크,S 감춰진 시선,유니크,S 오버 필링,유니크,E 레스트레인트,유니크,S 완벽한 자유,유니크,S 온화한 발걸음,유니크,팰리스 메모,레어,저스티스 페인트북,레어,체스터 더블버거,레어,런업 스프린터,레어,페이트 파이크,레어,솔리드 스위퍼,레어,타나토스 맥시머,레어,E 잔혹한 처벌,유니크,SB데블스 데브,레어,정해진 운명,유니크,False,37,1,6,4,37162,19408,135,157,12040,1400,5,22,864,33,258,147,0,304d6f7d982d487e0a4d3eec2ec9beca8ddf8e66760c2a12b72c9e400eec78e4,리버포드
지그프리스,드렉슬러,원거리딜러,완벽주의자,사냥꾼의 본능,전장의 열기,E 마노 레파르토,유니크,E 린 아르메,유니크,E 드래곤 스카,유니크,E 플랑베르 라비타,유니크,E 캐러비니어 ,유니크,E 폴링 스타,유니크,호위대인장-기상,레어,분열의 시트리,레어,체스터 더블버거,레어,가디언 스프린터 ,레어,파이크 이펙션,레어,가디언 플래쉬 ,레어,유성창 맥시머,레어,E 프라디지 드라군,유니크,DB나선창 데브,레어,유성 무차스랜서,유니크,False,39,3,12,3,28419,29773,192,200,12220,1800,7,19,864,11,107,279,0,304d6f7d982d487e0a4d3eec2ec9beca8ddf8e66760c2a12b72c9e400eec78e4,리버포드
카피얼,트리비아,탱커,불굴의 의지,재생의 숨결,최후의 저항,E 미스틱 포그,유니크,E 블러드 카니발,유니크,E 트리니티 블러드,유니크,E 블랙버드 블러섬 ,유니크,E 그림자 자국,유니크,E 포르미체티,유니크,킬힐 큐라이어,레어,부츠 큐라이어,레어,체스터 더블버거,레어,스피드 파워업,언커먼,배트 파이크,레어,배트 플래쉬 ,레어,트론 통신기 C1,언커먼,S 엘루어 배트,유니크,폭풍 티크리티,레어,시엘 루드플리가,유니크,False,35,0,9,5,14528,33877,129,196,10500,1300,13,15,864,15,122,231,0,304d6f7d982d487e0a4d3eec2ec9beca8ddf8e66760c2a12b72c9e400eec78e4,리버포드
번개아저씨,휴톤,탱커,불굴의 의지,재생의 숨결,최후의 저항,E 블래스터 비트 ,유니크,S 해일매리 패스,유니크,S 터스킨 ,유니크,S 데모닉 펀쳐,유니크,E 스톤 크래셔,유니크,S 아이언 룰러,유니크,지옥구멍 레그람,레어,바야바 아몬,레어,본 스파클링 ,레어,런업 스프린터,레어,아이리쉬 이펙트 ,레어,아이리쉬 타즈 ,레어,드래곤 플라이R,커먼,S 브레이킹 스매쉬,유니크,서든어퍼 레그람,레어,누크 퓨리피스트,유니크,False,27,3,11,3,20036,47133,256,315,9560,3200,3,0,864,24,116,214,0,304d6f7d982d487e0a4d3eec2ec9beca8ddf8e66760c2a12b72c9e400eec78e4,리버포드
Sativaa,루이스,근거리딜러,속전속결,충동 구매,급소 가격,S 아이스 에이지,유니크,S 윈터 크루제이드,유니크,E 프로즌 시티,유니크,S 아이스 토퀴즈 ,유니크,E 절대영도,유니크,S 크리스탈 크랙 ,유니크,아이스링크-결정,레어,리볼버 파이몬,레어,체스터 더블버거,레어,아이스 엑셀,레어,이펙트 이펙션,레어,솔리드 스위퍼,레어,리볼버 임팩트,언커먼,S 프로즌 하트,유니크,드라이 파이몬,레어,프로즌 브레이크,유니크,False,42,7,9,3,26871,31619,149,204,13980,3400,29,13,864,29,177,189,0,304d6f7d982d487e0a4d3eec2ec9beca8ddf8e66760c2a12b72c9e400eec78e4,리버포드
비문,히카르도,근거리딜러,속전속결,추진력,거인 사냥꾼,E 복수의 인장,유니크,E 크래쉬 벤데타,유니크,E 절제된 분노,유니크,E 트리아토마,유니크,E 앤셔스 위시,유니크,S 크루얼 스탬프,유니크,힐킥 알렉토,레어,스탬핑 그라넛 T,언커먼,체스터 더블버거,레어,리세스 스프린터,레어,인섹트 파이크,레어,솔리드 스위퍼,레어,불멸자 맥시머,레어,E 벤젼스 임프린트,유니크,벌레 알렉토,레어,블러디 플레쥬,유니크,False,55,21,3,11,50495,28915,166,209,17510,3200,29,15,864,87,594,86,1,304d6f7d982d487e0a4d3eec2ec9beca8ddf8e66760c2a12b72c9e400eec78e4,리버포드
미화바라기,다이무스,근거리딜러,속전속결,사냥꾼의 본능,거인 사냥꾼,E 메이헨 슈나이더,유니크,E 베스페리아 ,유니크,E 우아한 궤적,유니크,E 골드 샤르페,유니크,E 펄션 필러 ,유니크,E 슈발츠 슈트름,유니크,장작 베리드,레어,질풍의 베리드,레어,체스터 더블버거,레어,질풍의 스프린터 ,레어,질풍의 파이크 ,레어,스테민 닷지,레어,하드스킨 버스터,레어,E 솔리튜드 칼리버,유니크,보름달 베리드,레어,쉬베르트 루프리,유니크,False,48,5,10,3,18676,56402,149,201,14510,2200,21,14,1191,26,207,302,0,2b74b281ef8fc6641e4c221aabaa4bf8e0149d6019b5fecc47f966d544589dba,리버포드
너희한테실망했다,마틴,서포터,부서진 갑옷,제압,협동 공격,E 마스터 마인드,유니크,사이트 인베스트 ,레어,E 루브르 디텍터,유니크,E 메즈메리즘,유니크,E 솔로스 인듀서,유니크,E 데인저러스 플롯 ,유니크,SB시크릿 루인,레어,힙노시스 스팟,레어,체스터 더블버거,레어,마인드 엑셀,레어,마인드 파이크 ,레어,마인드 타즈 ,레어,최면 임팩트,언커먼,E 멘탈리스트,유니크,마리오넷 펜틴,레어,임포스 사일런서,유니크,False,52,3,7,12,26609,36211,183,362,15510,2100,22,25,1255,42,366,177,0,058b4019e0d1823af5d486f7b7b23513e210bd33201a4f271c7be0bb3e34abdf,리버포드
조성신,하랑,원거리딜러,완벽주의자,사냥꾼의 본능,전장의 열기,S 호기만장,유니크,E 마파람,유니크,S 칠전팔기,유니크,E 가온누리,유니크,E 높새구름,유니크,E 천우신조,유니크,벽조목-자령,레어,제압 명주고리,레어,체스터 더블버거,레어,영력 스프린터 ,레어,이펙트 이펙션,레어,솔리드 스위퍼,레어,괴력난신 맥시머,레어,E 사나운 패기,유니크,술령 명주고리,레어,호아호신부,유니크,False,50,1,5,11,37746,23371,128,201,15110,2100,25,22,1255,77,324,131,0,058b4019e0d1823af5d486f7b7b23513e210bd33201a4f271c7be0bb3e34abdf,리버포드
알라후쿰척쿰척,시드니,탱커,최후의 저항,단단한 피부,불굴의 의지,S 칠흑의 구원자,유니크,S 영광의 무게,유니크,E 사신의 신부,유니크,S 오델리아,유니크,S 광기어린 집행자,유니크,E 다가오는 계시,유니크,임펄스 레그람,레어,쇼트 레그람,레어,체스터 더블버거,레어,플라즈마 스프린터 ,레어,플라즈마 이펙트 ,레어,고통의 타즈 ,레어,플라즈마 맥시머,레어,E 깨달음의 미학,유니크,리바이벌 라츠키,레어,악의 꽃,유니크,False,39,1,4,9,9520,38979,191,264,10950,1100,0,0,1255,82,544,128,0,058b4019e0d1823af5d486f7b7b23513e210bd33201a4f271c7be0bb3e34abdf,리버포드
감자라니,호타루,탱커,불굴의 의지,돌격전차,최후의 저항,E 아마테라스,유니크,E 백연 비천무,유니크,S 아카 토리노,유니크,E 팔문괘장,유니크,E 바케모노 가타리,유니크,E 은월기담,유니크,나락수리검 빈,레어,폭연 카무이,레어,폭연 스파클링,레어,폭연 페스티나,레어,파이크 이펙션,레어,스테민 터틀,레어,환영분신 맥시머,레어,E 시노비모지,유니크,비연폭 카무이,레어,환영술 두루마리,유니크,False,36,1,7,13,24269,47463,290,341,13450,4500,16,12,1255,30,329,227,0,058b4019e0d1823af5d486f7b7b23513e210bd33201a4f271c7be0bb3e34abdf,리버포드
키즈나아이,엘리,원거리딜러,완벽주의자,사냥꾼의 본능,전장의 열기,S 행복한 상상,유니크,S 미유미유,유니크,S 러블리 드리머,유니크,S 심술맞은 고양이,유니크,S 땡글땡글,유니크,S 사박사박 발걸음,유니크,깜짝 놀이,레어,씽씽 장난감,레어,눈꽃 케이크,레어,고소한 타락죽,레어,폭죽 파이크 ,레어,솔리드 스위퍼,레어,별똥별 맥시머,레어,S 콩닥콩닥 마음,유니크,반짝 장난감,레어,신나는 폭죽상자,유니크,False,58,10,6,3,38737,26710,174,171,18350,2300,22,34,1255,63,267,210,0,058b4019e0d1823af5d486f7b7b23513e210bd33201a4f271c7be0bb3e34abdf,리버포드
번개아저씨,휴톤,탱커,불굴의 의지,재생의 숨결,최후의 저항,E 블래스터 비트 ,유니크,S 해일매리 패스,유니크,S 터스킨 ,유니크,S 데모닉 펀쳐,유니크,E 스톤 크래셔,유니크,S 아이언 룰러,유니크,지옥구멍 레그람,레어,바야바 아몬,레어,본 스파클링 ,레어,런업 스프린터,레어,아이리쉬 이펙트 ,레어,아이리쉬 타즈 ,레어,드래곤 플라이R,커먼,S 브레이킹 스매쉬,유니크,서든어퍼 레그람,레어,누크 퓨리피스트,유니크,False,45,5,5,8,18463,47065,283,401,14900,4300,21,6,1255,74,490,86,1,058b4019e0d1823af5d486f7b7b23513e210bd33201a4f271c7be0bb3e34abdf,리버포드
노래하는턱괴,까미유,원거리딜러,완벽주의자,전세역전,완전한 성장,E 마일드 위스퍼,유니크,E 시크릿 도트레,유니크,E 미라클 레지던트,유니크,E 가려진 진실,유니크,E 펑키 아그네스,유니크,S 광명의 천사,유니크,충각 미스터리,레어,광충 레비아트,레어,체스터 더블버거,레어,페스티네이션,레어,메디슨 이펙트,레어,메디슨 타즈,레어,교향곡 맥시머,레어,E 마일드 프러시져,유니크,이면충 미스터리,레어,시크릿 가든,유니크,False,54,3,4,28,27678,23520,162,186,17900,3800,27,13,1255,62,672,78,1,058b4019e0d1823af5d486f7b7b23513e210bd33201a4f271c7be0bb3e34abdf,리버포드
귀염둥이파덕,루시,원거리딜러,완벽주의자,전세역전,전장의 열기,E 섬섬옥수,유니크,E 오발선빈,유니크,E 지체투향,유니크,E 세류요,유니크,E 작장중무,유니크,E 연보소말,유니크,낙화 연심 ,레어,반월 연심,레어,체스터 더블버거,레어,엑셀레이션,레어,댄싱 파이크 ,레어,베링거 닷지넬S,언커먼,비단향꽃무 맥시머,레어,E 적월선,유니크,화무 연심,레어,절세가인,유니크,False,63,9,2,15,54644,24405,180,253,20740,3300,12,24,1255,159,656,55,1,058b4019e0d1823af5d486f7b7b23513e210bd33201a4f271c7be0bb3e34abdf,리버포드
결정검신,이글,근거리딜러,속전속결,사냥꾼의 본능,거인 사냥꾼,E 브리닝 슈나이더,유니크,E 스크라이 쇼크 ,유니크,E 언밸런스 레퀴엠,유니크,E 화이트 샤르페,유니크,S 킬 블레이드 ,유니크,E 바이스 슈트름,유니크,장작 시프론,레어,마스터링-반격,레어,체스터 버거,언커먼,스네이크 스프린터 ,레어,이펙트 이펙션,레어,하디스트 스위퍼,레어,뱀그림자 임팩트,언커먼,E 라이언트 소드,유니크,초승달 엘리고스,레어,쉬베르트 바이스,유니크,False,62,5,4,10,26647,23459,119,196,19800,3200,32,33,1255,141,311,135,1,058b4019e0d1823af5d486f7b7b23513e210bd33201a4f271c7be0bb3e34abdf,리버포드
헤으응애옹,드렉슬러,원거리딜러,완벽주의자,할인 판매,전장의 열기,E 마노 레파르토,유니크,E 린 아르메,유니크,E 드래곤 스카,유니크,E 플랑베르 라비타,유니크,E 캐러비니어 ,유니크,E 폴링 스타,유니크,심판 시트리,레어,분열의 시트리,레어,체스터 더블버거,레어,가디언 스프린터 ,레어,파이크 이펙션,레어,베링거 닷지넬S,언커먼,분열창 임팩트,언커먼,E 프라디지 드라군,유니크,나선창 시트리,레어,유성 무차스랜서,유니크,False,67,7,1,12,45302,18432,170,227,21260,2270,22,41,1255,446,773,36,1,058b4019e0d1823af5d486f7b7b23513e210bd33201a4f271c7be0bb3e34abdf,리버포드
번개아저씨,휴톤,탱커,불굴의 의지,재생의 숨결,최후의 저항,E 블래스터 비트 ,유니크,S 해일매리 패스,유니크,S 터스킨 ,유니크,S 데모닉 펀쳐,유니크,E 스톤 크래셔,유니크,S 아이언 룰러,유니크,지옥구멍 레그람,레어,바야바 아몬,레어,본 스파클링 ,레어,런업 스프린터,레어,아이리쉬 이펙트 ,레어,아이리쉬 타즈 ,레어,드래곤 플라이R,커먼,S 브레이킹 스매쉬,유니크,서든어퍼 레그람,레어,누크 퓨리피스트,유니크,False,30,1,6,3,7059,27234,153,224,8990,2300,7,1,837,41,369,94,0,0123e7a1a6df8b5a050c8d6d18a1f80c98144167da401077dba0a2736d41d542,리버포드
q레블리스p,샬럿,원거리딜러,완벽주의자,사냥꾼의 본능,전장의 열기,E 물의 하모니 ,유니크,E 아망아망,유니크,S 파도의 격노,유니크,E 한여름 물장난,유니크,E 레인메이커,유니크,S 레인보우 스텝,유니크,브러쉬-물방울,레어,헤비레인 하겐티,레어,워터 스파클링 ,레어,워터 스프린터 ,레어,파이크 이펙션,레어,솔리드 스위퍼,레어,살수포 임팩트,언커먼,E 비의 노래,유니크,살수포 하겐티,레어,싱크 레인보우,유니크,False,44,1,7,5,12551,20795,146,153,12230,500,3,31,837,38,191,203,0,0123e7a1a6df8b5a050c8d6d18a1f80c98144167da401077dba0a2736d41d542,리버포드
원왕생가,파수꾼 A,원거리딜러,태세전환,전장의 학살자,완전한 성장,E 어센던트,유니크,E 피어싱 아이즈,유니크,S 무형의 감옥,유니크,E 짜여진 각본,유니크,S 하빈저,유니크,E 에고이스트,유니크,클로 에델슈타인,레어,크로우 편지함,레어,체스터 더블버거,레어,런업 스프린터,레어,이펙트 이펙션,레어,솔리드 스위퍼,레어,크로우 임팩트,언커먼,E 잔혹한 모략가,유니크,시프트 바이알,레어,그라시아 에피칵스,유니크,False,37,2,8,2,18114,24707,145,137,10790,1200,7,18,837,35,176,168,0,0123e7a1a6df8b5a050c8d6d18a1f80c98144167da401077dba0a2736d41d542,리버포드
상꼬라지,트리비아,원거리딜러,전장의 열기,전장의 학살자,완전한 성장,EP멜티 블러드,레어,EP다크 왈라키아,레어,E 트리니티 블러드,유니크,E 블랙버드 블러섬 ,유니크,E 그림자 자국,유니크,E 포르미체티,유니크,밤의여왕-변이,레어,SB부츠커터 루차,레어,체스터 더블버거,레어,런업 스프린터,레어,이펙트 이펙션,레어,스테민 터틀,레어,박쥐폭풍 임팩트,언커먼,S 엘루어 배트,유니크,박쥐폭풍 보티스,레어,시엘 루드플리가,유니크,False,51,4,5,7,31843,19568,138,197,14930,1500,20,25,916,38,412,173,0,01b74891fd155b6b32451c07d362b4dbf656310598e21773f7247cc2ae105617,메트로폴리스
3장2모9차단,아이작,탱커,전선 유지,재생의 숨결,최후의 저항,E 리트릿 프리벤트,유니크,E 쇼업 데드맨,유니크,S 빅 블랙 머신,유니크,E 인휴먼 퍼슈어,유니크,E 킬링 머신,유니크,E 데드 컨트랩션,유니크,저지먼트 레그람,레어,레이지 레그람,레어,블랙 스파클링 ,레어,블랙 스프린터,레어,블랙 파이크 ,레어,솔리드 스위퍼,레어,DT 인사이트 R1,커먼,E 쇼 스탑퍼,유니크,데드맨 레그람,레어,데몰리쉬 에너미,유니크,False,36,2,3,4,8788,34357,149,272,10210,1000,4,1,916,1,407,85,0,01b74891fd155b6b32451c07d362b4dbf656310598e21773f7247cc2ae105617,메트로폴리스
ㅇㅇ플래시ㅇㅇ,윌라드,원거리딜러,완벽주의자,사냥꾼의 본능,전장의 열기,E 일렉트론 토쳐 ,유니크,E 그랜드 듀크,유니크,S 블레스트 슈트,유니크,E 청천벽력,유니크,E 스틸레토라,유니크,E 라이트 블리츠,유니크,낙뢰 오리악스,레어,구형 오리악스,레어,체스터 더블버거,레어,런업 스프린터,레어,파이크 이펙션,레어,라이트닝 타즈 ,레어,천둥벼락 맥시머,레어,E 블리츠 와일즈,유니크,뇌보법 써리노,레어,썬더 고르드마스,유니크,False,56,5,3,8,31382,18359,149,164,17290,2600,27,40,916,143,416,76,0,01b74891fd155b6b32451c07d362b4dbf656310598e21773f7247cc2ae105617,메트로폴리스
ZZZy,루이스,근거리딜러,전세역전,할인 판매,속전속결,E 아이스 에이지,유니크,E 윈터 크루제이드,유니크,E 프로즌 시티,유니크,E 아이스 토퀴즈 ,유니크,E 절대영도,유니크,S 크리스탈 크랙 ,유니크,아이스링크-결정,레어,리볼버 파이몬,레어,체스터 더블버거,레어,아이스 스프린터 ,레어,아이스 이펙트 ,레어,아이스 타즈 ,레어,하드스킨 버스터,레어,S 프로즌 하트,유니크,냉각 파드리스트,레어,프로즌 브레이크,유니크,False,51,5,10,2,19247,42277,97,115,14450,1010,8,35,916,26,145,290,0,01b74891fd155b6b32451c07d362b4dbf656310598e21773f7247cc2ae105617,메트로폴리스
PoPhoan,클리브,탱커,최후의 저항,돌격전차,전투 태세,S 헤드라이너,유니크,S 특종 사건,유니크,S 오프 더 레코드,유니크,E 미스인포메이션,유니크,S 캐치프레이즈,유니크,E 러닝 스토리,유니크,검증 잉크스틱,레어,메트리 치트,레어,첼시 콜라 MAX,레어,히스테릭 스프린터 ,레어,히스테릭 이펙트 ,레어,닷지 실피드,레어,인셉션 맥시머,레어,S 키홀 리포터,유니크,트랙 노트북,레어,블러리 클루,유니크,False,35,0,9,3,5996,46985,109,128,10210,1300,19,15,916,39,144,246,0,01b74891fd155b6b32451c07d362b4dbf656310598e21773f7247cc2ae105617,메트로폴리스
번개아저씨,휴톤,탱커,불굴의 의지,재생의 숨결,최후의 저항,E 블래스터 비트 ,유니크,S 해일매리 패스,유니크,S 터스킨 ,유니크,S 데모닉 펀쳐,유니크,E 스톤 크래셔,유니크,S 아이언 룰러,유니크,지옥구멍 레그람,레어,바야바 아몬,레어,본 스파클링 ,레어,런업 스프린터,레어,아이리쉬 이펙트 ,레어,아이리쉬 타즈 ,레어,드래곤 플라이R,커먼,S 브레이킹 스매쉬,유니크,서든어퍼 레그람,레어,누크 퓨리피스트,유니크,False,34,2,4,10,17549,26074,134,215,11430,3300,13,3,916,74,296,118,1,01b74891fd155b6b32451c07d362b4dbf656310598e21773f7247cc2ae105617,메트로폴리스
나도딜러하자,티모시,탱커,선봉장,단단한 피부,불굴의 의지,E 덱스트러스,유니크,S 이너 스트랭스,유니크,E 레클러메이션,유니크,E 뉴 비기닝,유니크,S 오소틱,유니크,S 내딛은 걸음,유니크,번버스터 언그람,언커먼,잿불 언그람,언커먼,첼시 콜라 V,레어,스피드 파워업,언커먼,멜츠 어벤저,언커먼,솔리드 스위퍼,레어,T2 통신기,언커먼,S 달콤한 죄책감,유니크,화염포 언그람,언커먼,라스트 릭,유니크,False,35,1,7,11,13655,43415,303,450,11160,2000,12,3,1080,39,255,201,0,6dab0e89cdc8484df0913aa11fa920865e20bd45cd675d2f6ef551ee7cdf3c25,메트로폴리스
회량,엘프리데,원거리딜러,완벽주의자,사냥꾼의 본능,완전한 성장,RA펄 레이어드 체인,레어,S 감춰진 시선,유니크,S 오버 필링,유니크,E 레스트레인트,유니크,S 완벽한 자유,유니크,S 온화한 발걸음,유니크,팰리스 메모,레어,저스티스 페인트북,레어,페이트 스파클링,레어,페이트 스프린터 ,레어,파이크 이펙션,레어,솔리드 스위퍼,레어,타나토스 맥시머,레어,E 잔혹한 처벌,유니크,SB데블스 데브,레어,정해진 운명,유니크,False,57,8,4,2,62928,18304,190,255,17860,3200,26,35,1080,64,716,115,0,6dab0e89cdc8484df0913aa11fa920865e20bd45cd675d2f6ef551ee7cdf3c25,메트로폴리스
화반이,린,탱커,최후의 저항,단단한 피부,선봉장,E 모란꽃 손매듭,유니크,E 일곱빛깔 무지개,유니크,S 금선당 당의 ,유니크,S 오색칠보 노리개,유니크,E 천년의 기억,유니크,E 당혜,유니크,염동파 레그람,레어,참나무 레그람,레어,첼시 와일드콜라,언커먼,염동 스프린터,레어,파워 에이스,레어,염동 타즈,레어,T2 통신기,언커먼,E 단아한 미소,유니크,가시 화염장,레어,은협도,유니크,False,30,1,4,5,7059,34732,281,415,9880,3200,3,0,1080,101,299,91,0,6dab0e89cdc8484df0913aa11fa920865e20bd45cd675d2f6ef551ee7cdf3c25,메트로폴리스
불타는불곰,테이,근거리딜러,속전속결,사냥꾼의 본능,거인 사냥꾼,E 호사수구,유니크,E 용주,유니크,S 의금지영,유니크,E 백낙일고,유니크,S 공명수죽백,유니크,S 극세척도,유니크,암영 타이클립,레어,흑풍각 타이클립,레어,체스터 더블버거,레어,리세스 스프린터,레어,파이크 이펙션,레어,솔리드 스위퍼,레어,암월 맥시머,레어,E 붉은 반그림자,유니크,무영격 타이클립,레어,도주지부,유니크,False,44,3,10,6,23665,35412,179,231,12900,1800,21,12,1080,16,145,315,0,6dab0e89cdc8484df0913aa11fa920865e20bd45cd675d2f6ef551ee7cdf3c25,메트로폴리스
자기진단키트,릭,원거리딜러,태세전환,사냥꾼의 본능,전장의 열기,E 익스트림 웨이,유니크,S 렌터 레거시,유니크,E 투어리스터,유니크,E 퍼페츄얼 타임,유니크,S 패스파인더,유니크,E 롱기스트 저니,유니크,링크 베이글,레어,데스 스타 굿즈,레어,체스터 더블버거,레어,런업 스프린터,레어,파이크 이펙션,레어,솔리드 스위퍼,레어,PS 레이더 R4,언커먼,S 단절된 공간,유니크,SB코스믹 데브,레어,모먼트 도넛,레어,False,50,4,5,11,27854,20749,132,210,16640,3500,30,26,1080,69,400,143,0,6dab0e89cdc8484df0913aa11fa920865e20bd45cd675d2f6ef551ee7cdf3c25,메트로폴리스
번개아저씨,제레온,탱커,불굴의 의지,재생의 숨결,최후의 저항,E 그레이스 애퀼러,유니크,E 루미넌 애퀼러,유니크,S 로열 히페리온,유니크,E 템플러 소린,유니크,S 헤본 가디언,유니크,S 인그레이 가디언,유니크,가디언 레그람,레어,프렐류드 레그람,레어,로열 스파클링 ,레어,스프린터 프로빅,레어,로열 파이크,레어,로열 타즈 ,레어,드래곤 플라이R,커먼,S 바요넷 플로리쉬,유니크,템페스트 레그람,레어,임페리얼 나이트,유니크,False,40,5,4,14,25990,36997,366,437,13950,5200,16,10,1080,89,403,121,1,6dab0e89cdc8484df0913aa11fa920865e20bd45cd675d2f6ef551ee7cdf3c25,메트로폴리스
탱커박사,루이스,근거리딜러,속전속결,사냥꾼의 본능,거인 사냥꾼,SB아이스 마노,레어,S 윈터 크루제이드,유니크,S 프로즌 시티,유니크,S 아이스 토퀴즈 ,유니크,E 절대영도,유니크,S 크리스탈 크랙 ,유니크,아이스서클-이동,레어,리볼버 파이몬,레어,아이스 스파클링 ,레어,아이스 엑셀,레어,아이스 이펙트 ,레어,아이스 타즈 ,레어,리볼버 임팩트,언커먼,E 프로즌 하트,유니크,SB드라이 데브,레어,영구동토 파이몬,레어,False,54,6,6,12,30420,28990,113,211,18270,3600,31,18,1080,28,202,239,1,6dab0e89cdc8484df0913aa11fa920865e20bd45cd675d2f6ef551ee7cdf3c25,메트로폴리스
엑셀드레나,티샤,원거리딜러,회피 사격,전장의 학살자,전장의 열기,E 사로잡는 손길,유니크,E 가로막힌 시선,유니크,S 하트브로큰,유니크,E 체인드 드림,유니크,S 루나틱 하이스트,유니크,E 아름다운 속박,유니크,몽환충 프라우드,레어,위스퍼 라이팅,레어,체스터 더블버거,레어,런업 스프린터,레어,악몽 이펙트 ,레어,솔리드 스위퍼,레어,몽환충 임팩트,언커먼,E 악마의 반쪽,유니크,DB스피릿 베티,레어,특별한 초대장,유니크,False,55,11,3,6,39806,13140,241,260,17530,3100,28,19,1080,70,456,107,1,6dab0e89cdc8484df0913aa11fa920865e20bd45cd675d2f6ef551ee7cdf3c25,메트로폴리스
까치그레이,아이작,탱커,불굴의 의지,재생의 숨결,최후의 저항,E 리트릿 프리벤트,유니크,E 쇼업 데드맨,유니크,E 빅 블랙 머신,유니크,E 인휴먼 퍼슈어,유니크,E 킬링 머신,유니크,SP러닝 디바이스,레어,저지먼트 케르베,레어,쇼맨-롤링,레어,블랙 스파클링 ,레어,스피드스타II,언커먼,멜츠 크리민II,언커먼,블랙 타즈 ,레어,인사이트 엔진T7 ,언커먼,E 쇼 스탑퍼,유니크,데드맨 스파니 C,언커먼,데몰리쉬 에너미,유니크,False,29,2,3,15,8820,39833,255,450,12390,4400,5,0,1080,122,530,79,1,6dab0e89cdc8484df0913aa11fa920865e20bd45cd675d2f6ef551ee7cdf3c25,메트로폴리스
앵무새퍼플,드렉슬러,원거리딜러,충동 구매,할인 판매,완전한 성장,E 마노 레파르토,유니크,E 린 아르메,유니크,E 드래곤 스카,유니크,E 플랑베르 라비타,유니크,E 캐러비니어 ,유니크,E 폴링 스타,유니크,호위대인장-기상,레어,분열의 시트리,레어,체스터 더블버거,레어,스피드 업,커먼,가디언 이펙트 ,레어,솔리드 스위퍼,레어,분열창 임팩트,언커먼,E 프라디지 드라군,유니크,나선창 시트리,레어,유성 무차스랜서,유니크,False,59,6,2,15,47576,16201,187,259,18330,2280,23,16,1080,187,487,79,1,6dab0e89cdc8484df0913aa11fa920865e20bd45cd675d2f6ef551ee7cdf3c25,메트로폴리스
나도딜러하자,캐럴,원거리딜러,완벽주의자,전장의 학살자,완전한 성장,S 프로즌 메모리,유니크,E 그 날의 기억,유니크,E 스노우 프린세스,유니크,E 지워진 약속,유니크,E 소녀의 다짐,유니크,E 첫눈의 발자국,유니크,고드름 큐트링,레어,빙판길 아이프 E,언커먼,체스터 더블버거,레어,스노우 스프린터 ,레어,스노우 이펙트 ,레어,황색 다식,레어,프로스트 임팩트,언커먼,E 해피 스노우맨,유니크,눈사람 스파니 E,언커먼,크리스마스 선물,유니크,False,63,5,4,6,43123,26507,164,223,21000,2800,30,29,1502,157,615,188,0,fc2235dc918e87c130f12f25a4faf811f315d979767b2e82a0211ae87a374abb,메트로폴리스
솔플유저,도일,탱커,불굴의 의지,재생의 숨결,최후의 저항,S 크래쉬 다운,유니크,S 하드워크 버밍험,유니크,S 디스트로이어,유니크,S 타로우 ,유니크,S 진보적 파괴,유니크,S 하드 불도저 ,유니크,지옥구멍 벌컨,레어,회전의 아이프 E,언커먼,파워 스파클링 ,레어,스프린터 프로빅,레어,멜츠 크리민II,언커먼,바이벤 터틀본,커먼,S펀치 맥시머,레어,E 디스트로이 심볼,유니크,캐논어퍼 이포스,레어,골리앗 골드펀치,유니크,False,47,4,5,8,18081,53204,332,412,17340,4900,15,7,1502,75,677,204,0,fc2235dc918e87c130f12f25a4faf811f315d979767b2e82a0211ae87a374abb,메트로폴리스
구경만할게요제발,다이무스,근거리딜러,속전속결,사냥꾼의 본능,거인 사냥꾼,E 메이헨 슈나이더,유니크,E 베스페리아 ,유니크,E 우아한 궤적,유니크,E 골드 샤르페,유니크,E 펄션 필러 ,유니크,E 슈발츠 슈트름,유니크,그랜드소드-심안,레어,질풍의 리모네,언커먼,체스터 버거,언커먼,리세스 스프린터,레어,이펙트 이펙션,레어,질풍의 플래쉬 ,레어,질풍베기 임팩트,언커먼,E 솔리튜드 칼리버,유니크,보름달 스파니 E,언커먼,쉬베르트 루프리,유니크,False,65,5,10,3,46037,43116,137,180,21780,4300,43,21,1502,28,225,442,0,fc2235dc918e87c130f12f25a4faf811f315d979767b2e82a0211ae87a374abb,메트로폴리스
수타니파타,아이작,탱커,최후의 저항,재생의 숨결,선봉장,E 리트릿 프리벤트,유니크,언노운 페이스,레어,S 빅 블랙 머신,유니크,S 인휴먼 퍼슈어,유니크,E 킬링 머신,유니크,S 데드 컨트랩션,유니크,저지먼트 레그람,레어,레이지 레그람,레어,블랙 스파클링 ,레어,리세스 스프린터,레어,블랙 파이크 ,레어,블랙 플래쉬,레어,인사이트 엔진T7 ,언커먼,E 쇼 스탑퍼,유니크,데드맨 레그람,레어,데몰리쉬 에너미,유니크,False,39,0,8,5,13024,45323,328,458,9620,1200,9,3,1030,70,147,205,0,be64bdead219efc9cfcd2a7f1c4be1acc25c0ef5c6640c8712adc8d760d3314b,스프링필드
STYXX,릭,원거리딜러,완벽주의자,전세역전,전장의 열기,E 익스트림 웨이,유니크,E 렌터 레거시,유니크,S 투어리스터,유니크,E 퍼페츄얼 타임,유니크,S 패스파인더,유니크,S 롱기스트 저니,유니크,SB디멘션 루인,레어,SB데스 루차,레어,체스터 더블버거,레어,런업 스프린터,레어,타키온 파이크,레어,솔리드 스위퍼,레어,데스 임팩트,언커먼,E 단절된 공간,유니크,SB코스믹 데브,레어,DB모먼트 베티,레어,False,34,2,9,2,20538,37517,174,247,11280,2100,20,7,1030,27,165,254,0,be64bdead219efc9cfcd2a7f1c4be1acc25c0ef5c6640c8712adc8d760d3314b,스프링필드
구경만할게요제발,루이스,근거리딜러,속전속결,사냥꾼의 본능,거인 사냥꾼,E 아이스 에이지,유니크,E 윈터 크루제이드,유니크,E 프로즌 시티,유니크,E 아이스 토퀴즈 ,유니크,E 절대영도,유니크,S 크리스탈 크랙 ,유니크,아이스링크-결정,레어,샤드 플레이크,레어,체스터 더블버거,레어,아이스 스프린터 ,레어,아이스 이펙트 ,레어,아이스 타즈 ,레어,영구동토 맥시머,레어,E 프로즌 하트,유니크,냉각 파드리스트,레어,프로즌 브레이크,유니크,False,44,8,12,5,42872,41500,164,231,15520,3900,15,22,1030,19,124,336,0,be64bdead219efc9cfcd2a7f1c4be1acc25c0ef5c6640c8712adc8d760d3314b,스프링필드
ZZZy,에밀리,원거리딜러,완벽주의자,사냥꾼의 본능,전장의 열기,E 유레카,유니크,S 순수한 정신,유니크,S 원소의 순환,유니크,E 크리소포에이아,유니크,S 신성한 초월,유니크,S 아타노르,유니크,DB캡슐 루인,레어,파운틴 백팩,레어,체스터 더블버거,레어,알케미 스프린터,레어,알케미 이펙트,레어,알케미 타즈 ,레어,T2 통신기,언커먼,E 아쿠아 레기아,유니크,윈드 카라페,레어,에메랄드 타블릿,유니크,False,47,4,9,2,24033,32802,126,168,13640,1000,14,30,1030,29,102,313,0,be64bdead219efc9cfcd2a7f1c4be1acc25c0ef5c6640c8712adc8d760d3314b,스프링필드
PoPhoan,시바,근거리딜러,급소 가격,할인 판매,속전속결,E 데빌 스피리츠 ,유니크,S 페르소나,유니크,E 블랙펄 시스루,유니크,E 다크 어비스,유니크,E 블랙 나이트메어,유니크,S 킬링 댄스,유니크,킬힐 스컬브루링,레어,절개 스컬로마링,레어,체스터 더블버거,레어,데블 스프린터 ,레어,데블 이펙트 ,레어,데블 타즈 ,레어,PS 레이더 R4,언커먼,E 센슈얼 어비스,유니크,칼날 스컬라이너,레어,스웜 파이리에더,유니크,False,45,5,12,5,28239,37447,110,175,13560,1260,20,13,1030,24,114,325,0,be64bdead219efc9cfcd2a7f1c4be1acc25c0ef5c6640c8712adc8d760d3314b,스프링필드
번개아저씨,제레온,탱커,불굴의 의지,재생의 숨결,최후의 저항,E 그레이스 애퀼러,유니크,E 루미넌 애퀼러,유니크,S 로열 히페리온,유니크,E 템플러 소린,유니크,S 헤본 가디언,유니크,S 인그레이 가디언,유니크,가디언 레그람,레어,프렐류드 레그람,레어,로열 스파클링 ,레어,스프린터 프로빅,레어,로열 파이크,레어,로열 타즈 ,레어,드래곤 플라이R,커먼,S 바요넷 플로리쉬,유니크,템페스트 레그람,레어,임페리얼 나이트,유니크,False,42,7,1,16,32077,24083,231,346,14980,4200,15,3,1030,356,635,39,1,be64bdead219efc9cfcd2a7f1c4be1acc25c0ef5c6640c8712adc8d760d3314b,스프링필드
솔플유저,타라,원거리딜러,완벽주의자,사냥꾼의 본능,전장의 열기,E 데몰리션 파이어,유니크,E 아이리스 보터 ,유니크,E 마녀의 유희,유니크,E 무크 디토네이터,유니크,E 스칼렛 랩소디,유니크,E 파이어 포르테,유니크,불놀이 쥬피터,레어,발화 하우레스,레어,체스터 더블버거,레어,플레어 스프린터 ,레어,플레어 이펙트 ,레어,플레어 타즈 ,레어,유성낙하 맥시머,레어,E 스티즈 머쉬,유니크,불꽃마녀-혼불,레어,메테오 카티에르,유니크,False,60,12,5,11,45274,24230,102,131,18860,2800,30,26,1030,71,235,200,1,be64bdead219efc9cfcd2a7f1c4be1acc25c0ef5c6640c8712adc8d760d3314b,스프링필드
간지비,디아나,탱커,불굴의 의지,재생의 숨결,최후의 저항,E 앱솔루트 오더,유니크,E 퍼펙트 엠프레스,유니크,S 절대적 규율,유니크,E 임플리싯 룰,유니크,E 골져스 스네어,유니크,S 포스풀 컨트롤,유니크,채찍 레그람,레어,케이지 레그람,레어,첼시 콜라 V,레어,리세스 스프린터,레어,그레이스 이펙트,레어,그레이스 타즈,레어,T11-스파이더,언커먼,E 선택된 재능,유니크,파편 레그람,레어,씰 오브 드로스트,유니크,False,46,2,1,23,18389,30453,318,498,13560,2600,14,3,1030,483,520,27,1,be64bdead219efc9cfcd2a7f1c4be1acc25c0ef5c6640c8712adc8d760d3314b,스프링필드
연환권,테이,근거리딜러,최후의 일격,전장의 학살자,거인 사냥꾼,E 호사수구,유니크,E 용주,유니크,S 의금지영,유니크,E 백낙일고,유니크,S 공명수죽백,유니크,S 극세척도,유니크,흑영장막 월렛,레어,SB흑풍각 루차,레어,월흔 스파클링,레어,엑셀레이션,레어,이펙트 이펙션,레어,솔리드 스위퍼,레어,암월 맥시머,레어,E 붉은 반그림자,유니크,무영격 타이클립,레어,암월비각 타이클립,레어,False,56,18,6,6,58717,28345,150,179,18420,3500,28,18,1030,44,220,247,1,be64bdead219efc9cfcd2a7f1c4be1acc25c0ef5c6640c8712adc8d760d3314b,스프링필드
엑셀드레나,카인,원거리딜러,충동 구매,전장의 학살자,전장의 열기,E 져지먼트 데이,유니크,E 건스미스 티어 ,유니크,S 디클레어 워,유니크,S 가비 프레스티지,유니크,S 발큐리아 ,유니크,E 건즈 앤 로즈,유니크,피스톨 크로스링,레어,커맨더-긴급회피,레어,체스터 더블버거,레어,런업 스프린터,레어,이펙트 이펙션,레어,솔리드 스위퍼,레어,저격 맥시머,레어,E 전장의 향기,유니크,SB우지 데브,레어,발터펠트 아우프,유니크,False,47,11,7,7,40132,21595,120,141,16140,3400,33,13,1030,25,249,269,1,be64bdead219efc9cfcd2a7f1c4be1acc25c0ef5c6640c8712adc8d760d3314b,스프링필드
번개아저씨,휴톤,탱커,불굴의 의지,재생의 숨결,최후의 저항,E 블래스터 비트 ,유니크,S 해일매리 패스,유니크,S 터스킨 ,유니크,S 데모닉 펀쳐,유니크,E 스톤 크래셔,유니크,S 아이언 룰러,유니크,지옥구멍 레그람,레어,바야바 아몬,레어,본 스파클링 ,레어,런업 스프린터,레어,아이리쉬 이펙트 ,레어,아이리쉬 타즈 ,레어,드래곤 플라이R,커먼,S 브레이킹 스매쉬,유니크,서든어퍼 레그람,레어,누크 퓨리피스트,유니크,False,37,5,8,5,20883,55454,261,320,12690,4300,9,8,1118,36,158,247,0,a590c64f0610966c470ecfb542864e096782ea5c692137874a4da83680a1f1b5,리버포드
민트초코슈크림,캐럴,원거리딜러,완벽주의자,사냥꾼의 본능,전장의 열기,E 프로즌 메모리,유니크,E 그 날의 기억,유니크,E 스노우 프린세스,유니크,E 지워진 약속,유니크,E 소녀의 다짐,유니크,E 첫눈의 발자국,유니크,고드름 토끼반지,레어,빙판길 아이프 E,언커먼,체스터 버거,언커먼,스노우 히트업,레어,멜츠 크리민II,언커먼,스노우 터틀,언커먼,빙판길 임팩트,언커먼,E 해피 스노우맨,유니크,눈사람 카밋,언커먼,크리스마스 선물,유니크,False,45,3,6,10,42928,46794,233,295,15410,3900,21,23,1118,104,290,178,0,a590c64f0610966c470ecfb542864e096782ea5c692137874a4da83680a1f1b5,리버포드
엑셀드레나,까미유,서포터,활성화 지원,치유 증폭기,협동 공격,S 마일드 위스퍼,유니크,S 시크릿 도트레,유니크,E 미라클 레지던트,유니크,E 가려진 진실,유니크,E 펑키 아그네스,유니크,S 광명의 천사,유니크,충각 레비아트,레어,광충 레비아트,레어,체스터 더블버거,레어,런업 스프린터,레어,메디슨 파이크,레어,솔리드 스위퍼,레어,하드스킨 크래셔,레어,E 마일드 프러시져,유니크,이면충 레비아트,레어,시크릿 가든,유니크,False,40,2,8,22,24246,31535,237,278,13530,2700,9,9,1118,36,194,200,0,a590c64f0610966c470ecfb542864e096782ea5c692137874a4da83680a1f1b5,리버포드
햄볶음밥,제이,탱커,최후의 저항,충동 구매,불굴의 의지,E 패스티스트 건,유니크,E 퍼니시먼트,유니크,E 헤븐즈 도어,유니크,E 트러블 메이커,유니크,E 데스페라도,유니크,E 퀵 앤 데드,유니크,스프리건 더블건,레어,니들 옵시디언,레어,퍼니시 스파클링,레어,리세스 스프린터,레어,퍼니시 파이크,레어,솔리드 스위퍼,레어,PS 레이더 R4,언커먼,E 멕시칸 불독,유니크,난사 레그람,레어,블러디아,유니크,False,40,5,8,5,33814,56377,312,370,15150,5800,20,9,1118,31,355,224,0,a590c64f0610966c470ecfb542864e096782ea5c692137874a4da83680a1f1b5,리버포드
아스봉,피터,원거리딜러,완벽주의자,사냥꾼의 본능,전장의 열기,E 장난스런 손짓,유니크,E 인빌트 아이어,유니크,S 아이의 품격,유니크,E 누나의 사랑,유니크,E 즐거운 장난,유니크,S 마지막 동심,유니크,스탬프 니바스,레어,클린업 니바스,레어,체스터 더블버거,레어,염동 스프린터,레어,파이크 이펙션,레어,염동 타즈 ,레어,T2 통신기,언커먼,E 신기한 블랙홀,유니크,스쿨 니바스,레어,코스믹 호러,유니크,False,44,8,10,2,48507,34126,159,191,14170,2400,15,18,1118,15,161,350,0,a590c64f0610966c470ecfb542864e096782ea5c692137874a4da83680a1f1b5,리버포드
지잡백수,호타루,근거리딜러,최후의 일격,충동 구매,거인 사냥꾼,E 아마테라스,유니크,E 백연 비천무,유니크,E 아카 토리노,유니크,E 팔문괘장,유니크,E 바케모노 가타리,유니크,E 은월기담,유니크,쐐기 카무이,레어,폭연 카무이,레어,첼시 콜라 V,레어,폭연 스프린터,레어,폭연 이펙트,레어,솔리드 스위퍼,레어,PS 레이더 R4,언커먼,E 아카 오오조라,유니크,비연폭 카무이,레어,환영술 두루마리,유니크,False,49,8,6,14,36266,34168,206,277,17890,5400,25,20,1118,26,227,222,1,a590c64f0610966c470ecfb542864e096782ea5c692137874a4da83680a1f1b5,리버포드
염비,헬레나,원거리딜러,전장의 열기,전장의 학살자,완전한 성장,E 커스드 어빌리티,유니크,E 위어리 아이즈,유니크,E 치프 리서처,유니크,S 마더스 듀티,유니크,S 숨겨둔 그리움,유니크,E 이기적인 선택,유니크,활성화 폴리오,레어,SB앰플샷 루차,레어,체스터 더블버거,레어,런업 스프린터,레어,파이크 이펙션,레어,케미스트 타즈 ,레어,포인트 임팩트,언커먼,S 간절한 바람,유니크,포인트 차트,레어,파기된 기록,유니크,False,53,10,4,19,62775,19651,238,272,18150,2900,14,21,1118,41,309,122,1,a590c64f0610966c470ecfb542864e096782ea5c692137874a4da83680a1f1b5,리버포드
스톨라스,카로슈,탱커,기민한 몸놀림,재생의 숨결,선봉장,E 팬텀 페인,유니크,E 기울어진 세계,유니크,S 펄스 오브 라이프,유니크,S 움켜쥔 미래,유니크,S 잃어버린 꿈,유니크,S 서블리메이션,유니크,체인건 기관단총,레어,SB커터 루차,레어,그레이 스파클링,레어,런업 스프린터,레어,그레이 파이크,레어,그레이 플래쉬 ,레어,커터 임팩트,언커먼,시에나 오너먼트,레어,SB트윈 배럴 데브,레어,어나더 던,유니크,False,47,6,2,13,35059,28660,340,440,17390,4700,31,19,1118,120,546,45,1,a590c64f0610966c470ecfb542864e096782ea5c692137874a4da83680a1f1b5,리버포드
ZZZy,파수꾼 A,원거리딜러,완벽주의자,사냥꾼의 본능,전장의 열기,S 어센던트,유니크,E 피어싱 아이즈,유니크,S 무형의 감옥,유니크,S 짜여진 각본,유니크,E 하빈저,유니크,S 에고이스트,유니크,클로 에델슈타인,레어,크로우 바이알,레어,첼시 더블 버거,레어,레이븐 스프린터 ,레어,레이븐 이펙트 ,레어,레이븐 타즈,레어,T1 통신기,언커먼,E 잔혹한 모략가,유니크,시프트 바이알,레어,그라시아 에피칵스,유니크,False,55,10,6,20,54405,29728,277,277,17150,2400,17,17,1118,48,297,195,1,a590c64f0610966c470ecfb542864e096782ea5c692137874a4da83680a1f1b5,리버포드
PoPhoan,도일,탱커,최후의 저항,단단한 피부,기민한 몸놀림,E 크래쉬 다운,유니크,E 하드워크 버밍험,유니크,E 디스트로이어,유니크,E 타로우 ,유니크,E 진보적 파괴,유니크,E 하드 불도저 ,유니크,지옥 해머트레인,레어,더블 해머트레인,레어,첼시 콜라 MAX,레어,해머 스프린터 ,레어,해머 이펙트 ,레어,해머 타즈 ,레어,S펀치 맥시머,레어,S 클리런스 스페셜,유니크,캐논 포트세이퍼,레어,골리앗 골드펀치,유니크,False,43,5,6,14,35781,58171,273,399,14950,3700,25,7,1118,37,380,145,1,a590c64f0610966c470ecfb542864e096782ea5c692137874a4da83680a1f1b5,리버포드
번개아저씨,휴톤,탱커,불굴의 의지,재생의 숨결,최후의 저항,E 블래스터 비트 ,유니크,S 해일매리 패스,유니크,S 터스킨 ,유니크,S 데모닉 펀쳐,유니크,E 스톤 크래셔,유니크,S 아이언 룰러,유니크,지옥구멍 레그람,레어,바야바 아몬,레어,본 스파클링 ,레어,런업 스프린터,레어,아이리쉬 이펙트 ,레어,아이리쉬 타즈 ,레어,드래곤 플라이R,커먼,S 브레이킹 스매쉬,유니크,서든어퍼 레그람,레어,누크 퓨리피스트,유니크,False,47,9,4,10,39588,52313,378,590,18260,7700,17,5,1384,81,936,101,0,5cb6c126cd1c54e214b13400dd1ed1bf9a80dc76f9018f0359ec153abb5b14f8,메트로폴리스
호탄동플레이어,스텔라,탱커,불굴의 의지,재생의 숨결,최후의 저항,E 바이오닉 센서,유니크,이너 스코프 ,레어,E 바이퍼트론,유니크,E 스트로매크 ,유니크,E 러스티 하츠,유니크,E 퓨엘 제너레이터,유니크,T1장착-보법,레어,최심장 포라스,레어,서치 스파클링 ,레어,레버 스프린터 ,레어,레버 파이크 ,레어,레버 타즈 ,레어,기어3 맥시머,레어,E 스타리 나이트,유니크,섬전연각 포천,레어,스타 포드인포서,유니크,False,39,4,7,7,13355,56861,321,525,14600,4100,16,2,1384,53,340,230,0,5cb6c126cd1c54e214b13400dd1ed1bf9a80dc76f9018f0359ec153abb5b14f8,메트로폴리스
ARTISM,엘리,원거리딜러,완벽주의자,사냥꾼의 본능,전장의 열기,E 행복한 상상,유니크,E 미유미유,유니크,E 러블리 드리머,유니크,E 심술맞은 고양이,유니크,E 땡글땡글,유니크,S 사박사박 발걸음,유니크,깜짝 놀이,레어,팽이 장난감,레어,체스터 더블버거,레어,폭죽 스프린터,레어,폭죽 파이크 ,레어,폭죽 타즈 ,레어,T1 통신기,언커먼,E 콩닥콩닥 마음,유니크,반짝 놀이,레어,신나는 폭죽상자,유니크,False,54,2,8,8,22679,26231,96,113,21760,7000,27,42,1384,36,340,435,0,5cb6c126cd1c54e214b13400dd1ed1bf9a80dc76f9018f0359ec153abb5b14f8,메트로폴리스
미초,엘프리데,원거리딜러,완벽주의자,사냥꾼의 본능,전장의 열기,E 결정적 순간,유니크,E 감춰진 시선,유니크,E 오버 필링,유니크,S 레스트레인트,유니크,E 완벽한 자유,유니크,E 온화한 발걸음,유니크,스타더스트 팸플릿,레어,저스티스 페인트북,레어,체스터 더블버거,레어,런업 스프린터,레어,파이크 이펙션,레어,바이벤 터틀본II,언커먼,트론 통신기 C1,언커먼,E 잔혹한 처벌,유니크,데블스 페인트북,레어,정해진 운명,유니크,False,62,10,6,17,82137,43422,353,470,21160,4800,16,22,1384,56,492,252,0,5cb6c126cd1c54e214b13400dd1ed1bf9a80dc76f9018f0359ec153abb5b14f8,메트로폴리스
쭈삥쭈삥,다이무스,근거리딜러,속전속결,전장의 학살자,거인 사냥꾼,E 메이헨 슈나이더,유니크,E 베스페리아 ,유니크,E 우아한 궤적,유니크,E 골드 샤르페,유니크,E 펄션 필러 ,유니크,E 슈발츠 슈트름,유니크,장작 마르스,레어,질풍의 마르스,레어,액트 스파클링 ,레어,질풍의 스프린터 ,레어,멜츠 어벤저,언커먼,질풍의 플래쉬 ,레어,PS 레이더 R1,커먼,E 솔리튜드 칼리버,유니크,보름달 카밋,언커먼,쉬베르트 루프리,유니크,False,58,9,8,11,55089,43328,286,403,20380,5100,23,29,1384,2,270,380,0,5cb6c126cd1c54e214b13400dd1ed1bf9a80dc76f9018f0359ec153abb5b14f8,메트로폴리스
번개아저씨,티모시,탱커,불굴의 의지,재생의 숨결,최후의 저항,E 덱스트러스,유니크,E 이너 스트랭스,유니크,E 레클러메이션,유니크,E 뉴 비기닝,유니크,E 오소틱,유니크,E 내딛은 걸음,유니크,번 버스터 레그람,레어,잿불 레그람,레어,체스터 콜라,커먼,애쉬 스프린터 ,레어,가락엿,레어,솔리드 스위퍼,레어,T11-스파이더,언커먼,E 달콤한 죄책감,유니크,화염포 레그람,레어,라스트 릭,유니크,False,13,0,1,1,604,3527,16,23,3380,300,5,0,122,24,85,13,0,7f7cf610de358e5320b065127f87f9bc4d700e34bd1b54d0c63753cc3bbc0307,리버포드
쉿조용해아기사슴,다이무스,근거리딜러,속전속결,사냥꾼의 본능,거인 사냥꾼,E 메이헨 슈나이더,유니크,E 베스페리아 ,유니크,E 우아한 궤적,유니크,E 골드 샤르페,유니크,E 펄션 필러 ,유니크,EP워커홀릭,레어,장작 커틀리,레어,질풍 다이아프론,레어,액트 스파클링 ,레어,질풍의 엑셀,레어,질풍의 파이크 ,레어,질풍의 플래쉬 ,레어,PS 레이더 R4,언커먼,E 솔리튜드 칼리버,유니크,보름달 베리드,레어,쉬베르트 루프리,유니크,False,15,0,1,2,4563,2707,13,30,3980,200,7,1,122,32,78,12,0,7f7cf610de358e5320b065127f87f9bc4d700e34bd1b54d0c63753cc3bbc0307,리버포드
단년소탄공,트리비아,원거리딜러,완벽주의자,사냥꾼의 본능,전장의 열기,E 미스틱 포그,유니크,E 블러드 카니발,유니크,E 트리니티 블러드,유니크,E 블랙버드 블러섬 ,유니크,S 그림자 자국,유니크,E 포르미체티,유니크,밤의여왕-변이,레어,부츠커터 보티스,레어,체스터 더블버거,레어,배트 스프린터 ,레어,배트 이펙트 ,레어,닷지 실피드,레어,박쥐폭풍 임팩트,언커먼,E 엘루어 배트,유니크,박쥐폭풍 보티스,레어,시엘 루드플리가,유니크,False,14,1,1,1,1640,2166,8,32,3920,100,0,3,122,37,73,12,0,7f7cf610de358e5320b065127f87f9bc4d700e34bd1b54d0c63753cc3bbc0307,리버포드
샬럿카타쿠리,피터,원거리딜러,준비된 한 발,전장의 학살자,완전한 성장,S 장난스런 손짓,유니크,S 인빌트 아이어,유니크,E 아이의 품격,유니크,E 누나의 사랑,유니크,S 즐거운 장난,유니크,S 마지막 동심,유니크,스탬프 니바스,레어,클린업 레그람,레어,체스터 더블버거,레어,염동 엑셀,레어,염동 파이크,레어,솔리드 스위퍼,레어,스쿨 임팩트,언커먼,E 신기한 블랙홀,유니크,스쿨 니바스,레어,코스믹 호러,유니크,False,17,1,1,1,2567,1488,8,6,4380,200,9,1,122,40,71,11,0,7f7cf610de358e5320b065127f87f9bc4d700e34bd1b54d0c63753cc3bbc0307,리버포드
